year,node_id,zone,impervious_pct,pervious_pct,runoff_coefficient,horton_f0_mm_hr,horton_finf_mm_hr,horton_decay_k
2010,J_KUK_001,Kukatpally Nala Basin,52.79,47.21,0.546,45.41,6.72,3.5
2011,J_KUK_001,Kukatpally Nala Basin,53.5,46.5,0.551,44.88,6.65,3.5
2012,J_KUK_001,Kukatpally Nala Basin,54.49,45.51,0.559,44.13,6.55,3.5
2013,J_KUK_001,Kukatpally Nala Basin,55.87,44.13,0.569,43.1,6.41,3.5
2014,J_KUK_001,Kukatpally Nala Basin,57.69,42.31,0.583,41.73,6.23,3.5
2015,J_KUK_001,Kukatpally Nala Basin,60.0,40.0,0.6,40.0,6.0,3.5
2016,J_KUK_001,Kukatpally Nala Basin,62.78,37.22,0.621,37.91,5.72,3.5
2017,J_KUK_001,Kukatpally Nala Basin,65.9,34.1,0.644,35.57,5.41,3.5
2018,J_KUK_001,Kukatpally Nala Basin,69.15,30.85,0.669,33.14,5.09,3.5
2019,J_KUK_001,Kukatpally Nala Basin,72.27,27.73,0.692,30.8,4.77,3.5
2020,J_KUK_001,Kukatpally Nala Basin,75.05,24.95,0.713,28.71,4.5,3.5
2021,J_KUK_001,Kukatpally Nala Basin,77.36,22.64,0.73,26.98,4.26,3.5
2022,J_KUK_001,Kukatpally Nala Basin,79.18,20.82,0.744,25.61,4.08,3.5
2023,J_KUK_001,Kukatpally Nala Basin,80.56,19.44,0.754,24.58,3.94,3.5
2024,J_KUK_001,Kukatpally Nala Basin,81.55,18.45,0.762,23.84,3.84,3.5
2025,J_KUK_001,Kukatpally Nala Basin,82.26,17.74,0.767,23.31,3.77,3.5
2010,J_KUK_002,Kukatpally Nala Basin,54.77,45.23,0.561,43.92,6.52,3.5
2011,J_KUK_002,Kukatpally Nala Basin,55.4,44.6,0.565,43.45,6.46,3.5
2012,J_KUK_002,Kukatpally Nala Basin,56.28,43.72,0.572,42.79,6.37,3.5
2013,J_KUK_002,Kukatpally Nala Basin,57.51,42.49,0.581,41.87,6.25,3.5
2014,J_KUK_002,Kukatpally Nala Basin,59.13,40.87,0.593,40.65,6.09,3.5
2015,J_KUK_002,Kukatpally Nala Basin,61.19,38.81,0.609,39.11,5.88,3.5
2016,J_KUK_002,Kukatpally Nala Basin,63.67,36.33,0.628,37.25,5.63,3.5
2017,J_KUK_002,Kukatpally Nala Basin,66.45,33.55,0.648,35.16,5.36,3.5
2018,J_KUK_002,Kukatpally Nala Basin,69.34,30.66,0.67,33.0,5.07,3.5
2019,J_KUK_002,Kukatpally Nala Basin,72.12,27.88,0.691,30.91,4.79,3.5
2020,J_KUK_002,Kukatpally Nala Basin,74.59,25.41,0.709,29.05,4.54,3.5
2021,J_KUK_002,Kukatpally Nala Basin,76.66,23.34,0.725,27.51,4.33,3.5
2022,J_KUK_002,Kukatpally Nala Basin,78.28,21.72,0.737,26.29,4.17,3.5
2023,J_KUK_002,Kukatpally Nala Basin,79.5,20.5,0.746,25.37,4.05,3.5
2024,J_KUK_002,Kukatpally Nala Basin,80.39,19.61,0.753,24.71,3.96,3.5
2025,J_KUK_002,Kukatpally Nala Basin,81.02,18.98,0.758,24.24,3.9,3.5
2010,J_KUK_003,Kukatpally Nala Basin,51.39,48.61,0.535,46.46,6.86,3.5
2011,J_KUK_003,Kukatpally Nala Basin,52.06,47.94,0.54,45.96,6.79,3.5
2012,J_KUK_003,Kukatpally Nala Basin,53.0,47.0,0.547,45.25,6.7,3.5
2013,J_KUK_003,Kukatpally Nala Basin,54.29,45.71,0.557,44.28,6.57,3.5
2014,J_KUK_003,Kukatpally Nala Basin,56.01,43.99,0.57,43.0,6.4,3.5
2015,J_KUK_003,Kukatpally Nala Basin,58.19,41.81,0.586,41.36,6.18,3.5
2016,J_KUK_003,Kukatpally Nala Basin,60.81,39.19,0.606,39.39,5.92,3.5
2017,J_KUK_003,Kukatpally Nala Basin,63.75,36.25,0.628,37.19,5.62,3.5
2018,J_KUK_003,Kukatpally Nala Basin,66.81,33.19,0.651,34.89,5.32,3.5
2019,J_KUK_003,Kukatpally Nala Basin,69.75,30.25,0.673,32.69,5.03,3.5
2020,J_KUK_003,Kukatpally Nala Basin,72.37,27.63,0.693,30.72,4.76,3.5
2021,J_KUK_003,Kukatpally Nala Basin,74.55,25.45,0.709,29.08,4.54,3.5
2022,J_KUK_003,Kukatpally Nala Basin,76.27,23.73,0.722,27.8,4.37,3.5
2023,J_KUK_003,Kukatpally Nala Basin,77.56,22.44,0.732,26.83,4.24,3.5
2024,J_KUK_003,Kukatpally Nala Basin,78.5,21.5,0.739,26.12,4.15,3.5
2025,J_KUK_003,Kukatpally Nala Basin,79.17,20.83,0.744,25.62,4.08,3.5
2010,J_KUK_004,Kukatpally Nala Basin,50.97,49.03,0.532,46.78,6.9,3.5
2011,J_KUK_004,Kukatpally Nala Basin,51.71,48.29,0.538,46.22,6.83,3.5
2012,J_KUK_004,Kukatpally Nala Basin,52.75,47.25,0.546,45.44,6.72,3.5
2013,J_KUK_004,Kukatpally Nala Basin,54.19,45.81,0.556,44.36,6.58,3.5
2014,J_KUK_004,Kukatpally Nala Basin,56.1,43.9,0.571,42.93,6.39,3.5
2015,J_KUK_004,Kukatpally Nala Basin,58.52,41.48,0.589,41.11,6.15,3.5
2016,J_KUK_004,Kukatpally Nala Basin,61.44,38.56,0.611,38.92,5.86,3.5
2017,J_KUK_004,Kukatpally Nala Basin,64.71,35.29,0.635,36.47,5.53,3.5
2018,J_KUK_004,Kukatpally Nala Basin,68.11,31.89,0.661,33.92,5.19,3.5
2019,J_KUK_004,Kukatpally Nala Basin,71.38,28.62,0.685,31.47,4.86,3.5
2020,J_KUK_004,Kukatpally Nala Basin,74.29,25.71,0.707,29.28,4.57,3.5
2021,J_KUK_004,Kukatpally Nala Basin,76.72,23.28,0.725,27.46,4.33,3.5
2022,J_KUK_004,Kukatpally Nala Basin,78.63,21.37,0.74,26.03,4.14,3.5
2023,J_KUK_004,Kukatpally Nala Basin,80.06,19.94,0.75,24.95,3.99,3.5
2024,J_KUK_004,Kukatpally Nala Basin,81.11,18.89,0.758,24.17,3.89,3.5
2025,J_KUK_004,Kukatpally Nala Basin,81.85,18.15,0.764,23.61,3.82,3.5
2010,J_KUK_005,Kukatpally Nala Basin,54.04,45.96,0.555,44.47,6.6,3.5
2011,J_KUK_005,Kukatpally Nala Basin,54.7,45.3,0.56,43.98,6.53,3.5
2012,J_KUK_005,Kukatpally Nala Basin,55.62,44.38,0.567,43.28,6.44,3.5
2013,J_KUK_005,Kukatpally Nala Basin,56.89,43.11,0.577,42.33,6.31,3.5
2014,J_KUK_005,Kukatpally Nala Basin,58.59,41.41,0.589,41.06,6.14,3.5
2015,J_KUK_005,Kukatpally Nala Basin,60.74,39.26,0.606,39.45,5.93,3.5
2016,J_KUK_005,Kukatpally Nala Basin,63.32,36.68,0.625,37.51,5.67,3.5
2017,J_KUK_005,Kukatpally Nala Basin,66.21,33.79,0.647,35.34,5.38,3.5
2018,J_KUK_005,Kukatpally Nala Basin,69.23,30.77,0.669,33.08,5.08,3.5
2019,J_KUK_005,Kukatpally Nala Basin,72.12,27.88,0.691,30.91,4.79,3.5
2020,J_KUK_005,Kukatpally Nala Basin,74.7,25.3,0.71,28.97,4.53,3.5
2021,J_KUK_005,Kukatpally Nala Basin,76.85,23.15,0.726,27.36,4.31,3.5
2022,J_KUK_005,Kukatpally Nala Basin,78.54,21.46,0.739,26.09,4.15,3.5
2023,J_KUK_005,Kukatpally Nala Basin,79.82,20.18,0.749,25.14,4.02,3.5
2024,J_KUK_005,Kukatpally Nala Basin,80.74,19.26,0.756,24.44,3.93,3.5
2025,J_KUK_005,Kukatpally Nala Basin,81.4,18.6,0.76,23.95,3.86,3.5
2010,J_KUK_006,Kukatpally Nala Basin,50.77,49.23,0.531,46.92,6.92,3.5
2011,J_KUK_006,Kukatpally Nala Basin,51.53,48.47,0.536,46.36,6.85,3.5
2012,J_KUK_006,Kukatpally Nala Basin,52.59,47.41,0.544,45.56,6.74,3.5
2013,J_KUK_006,Kukatpally Nala Basin,54.05,45.95,0.555,44.46,6.59,3.5
2014,J_KUK_006,Kukatpally Nala Basin,56.0,44.0,0.57,43.0,6.4,3.5
2015,J_KUK_006,Kukatpally Nala Basin,58.47,41.53,0.589,41.15,6.15,3.5
2016,J_KUK_006,Kukatpally Nala Basin,61.44,38.56,0.611,38.92,5.86,3.5
2017,J_KUK_006,Kukatpally Nala Basin,64.77,35.23,0.636,36.42,5.52,3.5
2018,J_KUK_006,Kukatpally Nala Basin,68.23,31.77,0.662,33.82,5.18,3.5
2019,J_KUK_006,Kukatpally Nala Basin,71.56,28.44,0.687,31.33,4.84,3.5
2020,J_KUK_006,Kukatpally Nala Basin,74.53,25.47,0.709,29.1,4.55,3.5
2021,J_KUK_006,Kukatpally Nala Basin,77.0,23.0,0.728,27.25,4.3,3.5
2022,J_KUK_006,Kukatpally Nala Basin,78.95,21.05,0.742,25.79,4.11,3.5
2023,J_KUK_006,Kukatpally Nala Basin,80.41,19.59,0.753,24.69,3.96,3.5
2024,J_KUK_006,Kukatpally Nala Basin,81.48,18.52,0.761,23.89,3.85,3.5
2025,J_KUK_006,Kukatpally Nala Basin,82.23,17.77,0.767,23.33,3.78,3.5
2010,J_KUK_007,Kukatpally Nala Basin,55.27,44.73,0.565,43.55,6.47,3.5
2011,J_KUK_007,Kukatpally Nala Basin,55.85,44.15,0.569,43.11,6.41,3.5
2012,J_KUK_007,Kukatpally Nala Basin,56.67,43.33,0.575,42.49,6.33,3.5
2013,J_KUK_007,Kukatpally Nala Basin,57.8,42.2,0.584,41.65,6.22,3.5
2014,J_KUK_007,Kukatpally Nala Basin,59.31,40.69,0.595,40.52,6.07,3.5
2015,J_KUK_007,Kukatpally Nala Basin,61.22,38.78,0.609,39.09,5.88,3.5
2016,J_KUK_007,Kukatpally Nala Basin,63.51,36.49,0.626,37.37,5.65,3.5
2017,J_KUK_007,Kukatpally Nala Basin,66.08,33.92,0.646,35.44,5.39,3.5
2018,J_KUK_007,Kukatpally Nala Basin,68.76,31.24,0.666,33.43,5.12,3.5
2019,J_KUK_007,Kukatpally Nala Basin,71.33,28.67,0.685,31.5,4.87,3.5
2020,J_KUK_007,Kukatpally Nala Basin,73.63,26.37,0.702,29.78,4.64,3.5
2021,J_KUK_007,Kukatpally Nala Basin,75.54,24.46,0.717,28.35,4.45,3.5
2022,J_KUK_007,Kukatpally Nala Basin,77.04,22.96,0.728,27.22,4.3,3.5
2023,J_KUK_007,Kukatpally Nala Basin,78.17,21.83,0.736,26.37,4.18,3.5
2024,J_KUK_007,Kukatpally Nala Basin,78.99,21.01,0.742,25.76,4.1,3.5
2025,J_KUK_007,Kukatpally Nala Basin,79.58,20.42,0.747,25.32,4.04,3.5
2010,J_KUK_008,Kukatpally Nala Basin,51.54,48.46,0.537,46.34,6.85,3.5
2011,J_KUK_008,Kukatpally Nala Basin,52.21,47.79,0.542,45.84,6.78,3.5
2012,J_KUK_008,Kukatpally Nala Basin,53.15,46.85,0.549,45.14,6.69,3.5
2013,J_KUK_008,Kukatpally Nala Basin,54.44,45.56,0.558,44.17,6.56,3.5
2014,J_KUK_008,Kukatpally Nala Basin,56.15,43.85,0.571,42.89,6.38,3.5
2015,J_KUK_008,Kukatpally Nala Basin,58.33,41.67,0.587,41.25,6.17,3.5
2016,J_KUK_008,Kukatpally Nala Basin,60.95,39.05,0.607,39.29,5.91,3.5
2017,J_KUK_008,Kukatpally Nala Basin,63.89,36.11,0.629,37.09,5.61,3.5
2018,J_KUK_008,Kukatpally Nala Basin,66.94,33.06,0.652,34.8,5.31,3.5
2019,J_KUK_008,Kukatpally Nala Basin,69.88,30.12,0.674,32.59,5.01,3.5
2020,J_KUK_008,Kukatpally Nala Basin,72.49,27.51,0.694,30.63,4.75,3.5
2021,J_KUK_008,Kukatpally Nala Basin,74.67,25.33,0.71,29.0,4.53,3.5
2022,J_KUK_008,Kukatpally Nala Basin,76.39,23.61,0.723,27.71,4.36,3.5
2023,J_KUK_008,Kukatpally Nala Basin,77.68,22.32,0.733,26.74,4.23,3.5
2024,J_KUK_008,Kukatpally Nala Basin,78.62,21.38,0.74,26.04,4.14,3.5
2025,J_KUK_008,Kukatpally Nala Basin,79.28,20.72,0.745,25.54,4.07,3.5
2010,J_KUK_009,Kukatpally Nala Basin,52.31,47.69,0.542,45.77,6.77,3.5
2011,J_KUK_009,Kukatpally Nala Basin,52.99,47.01,0.547,45.26,6.7,3.5
2012,J_KUK_009,Kukatpally Nala Basin,53.95,46.05,0.555,44.54,6.61,3.5
2013,J_KUK_009,Kukatpally Nala Basin,55.26,44.74,0.564,43.55,6.47,3.5
2014,J_KUK_009,Kukatpally Nala Basin,57.01,42.99,0.578,42.24,6.3,3.5
2015,J_KUK_009,Kukatpally Nala Basin,59.24,40.76,0.594,40.57,6.08,3.5
2016,J_KUK_009,Kukatpally Nala Basin,61.91,38.09,0.614,38.57,5.81,3.5
2017,J_KUK_009,Kukatpally Nala Basin,64.9,35.1,0.637,36.32,5.51,3.5
2018,J_KUK_009,Kukatpally Nala Basin,68.02,31.98,0.66,33.98,5.2,3.5
2019,J_KUK_009,Kukatpally Nala Basin,71.02,28.98,0.683,31.74,4.9,3.5
2020,J_KUK_009,Kukatpally Nala Basin,73.69,26.31,0.703,29.73,4.63,3.5
2021,J_KUK_009,Kukatpally Nala Basin,75.91,24.09,0.719,28.07,4.41,3.5
2022,J_KUK_009,Kukatpally Nala Basin,77.66,22.34,0.732,26.75,4.23,3.5
2023,J_KUK_009,Kukatpally Nala Basin,78.98,21.02,0.742,25.77,4.1,3.5
2024,J_KUK_009,Kukatpally Nala Basin,79.94,20.06,0.75,25.05,4.01,3.5
2025,J_KUK_009,Kukatpally Nala Basin,80.62,19.38,0.755,24.54,3.94,3.5
2010,J_KUK_010,Kukatpally Nala Basin,52.99,47.01,0.547,45.25,6.7,3.5
2011,J_KUK_010,Kukatpally Nala Basin,53.64,46.36,0.552,44.77,6.64,3.5
2012,J_KUK_010,Kukatpally Nala Basin,54.54,45.46,0.559,44.09,6.55,3.5
2013,J_KUK_010,Kukatpally Nala Basin,55.79,44.21,0.568,43.16,6.42,3.5
2014,J_KUK_010,Kukatpally Nala Basin,57.44,42.56,0.581,41.92,6.26,3.5
2015,J_KUK_010,Kukatpally Nala Basin,59.55,40.45,0.597,40.34,6.05,3.5
2016,J_KUK_010,Kukatpally Nala Basin,62.07,37.93,0.616,38.45,5.79,3.5
2017,J_KUK_010,Kukatpally Nala Basin,64.9,35.1,0.637,36.32,5.51,3.5
2018,J_KUK_010,Kukatpally Nala Basin,67.85,32.15,0.659,34.11,5.21,3.5
2019,J_KUK_010,Kukatpally Nala Basin,70.69,29.31,0.68,31.99,4.93,3.5
2020,J_KUK_010,Kukatpally Nala Basin,73.21,26.79,0.699,30.09,4.68,3.5
2021,J_KUK_010,Kukatpally Nala Basin,75.31,24.69,0.715,28.51,4.47,3.5
2022,J_KUK_010,Kukatpally Nala Basin,76.97,23.03,0.727,27.27,4.3,3.5
2023,J_KUK_010,Kukatpally Nala Basin,78.21,21.79,0.737,26.34,4.18,3.5
2024,J_KUK_010,Kukatpally Nala Basin,79.12,20.88,0.743,25.66,4.09,3.5
2025,J_KUK_010,Kukatpally Nala Basin,79.76,20.24,0.748,25.18,4.02,3.5
2010,J_KUK_011,Kukatpally Nala Basin,53.99,46.01,0.555,44.5,6.6,3.5
2011,J_KUK_011,Kukatpally Nala Basin,54.6,45.4,0.559,44.05,6.54,3.5
2012,J_KUK_011,Kukatpally Nala Basin,55.45,44.55,0.566,43.41,6.45,3.5
2013,J_KUK_011,Kukatpally Nala Basin,56.63,43.37,0.575,42.53,6.34,3.5
2014,J_KUK_011,Kukatpally Nala Basin,58.19,41.81,0.586,41.36,6.18,3.5
2015,J_KUK_011,Kukatpally Nala Basin,60.17,39.83,0.601,39.87,5.98,3.5
2016,J_KUK_011,Kukatpally Nala Basin,62.55,37.45,0.619,38.09,5.74,3.5
2017,J_KUK_011,Kukatpally Nala Basin,65.22,34.78,0.639,36.08,5.48,3.5
2018,J_KUK_011,Kukatpally Nala Basin,68.0,32.0,0.66,34.0,5.2,3.5
2019,J_KUK_011,Kukatpally Nala Basin,70.68,29.32,0.68,31.99,4.93,3.5
2020,J_KUK_011,Kukatpally Nala Basin,73.06,26.94,0.698,30.21,4.69,3.5
2021,J_KUK_011,Kukatpally Nala Basin,75.04,24.96,0.713,28.72,4.5,3.5
2022,J_KUK_011,Kukatpally Nala Basin,76.6,23.4,0.725,27.55,4.34,3.5
2023,J_KUK_011,Kukatpally Nala Basin,77.78,22.22,0.733,26.67,4.22,3.5
2024,J_KUK_011,Kukatpally Nala Basin,78.63,21.37,0.74,26.03,4.14,3.5
2025,J_KUK_011,Kukatpally Nala Basin,79.24,20.76,0.744,25.57,4.08,3.5
2010,J_KUK_012,Kukatpally Nala Basin,52.21,47.79,0.542,45.84,6.78,3.5
2011,J_KUK_012,Kukatpally Nala Basin,52.88,47.12,0.547,45.34,6.71,3.5
2012,J_KUK_012,Kukatpally Nala Basin,53.82,46.18,0.554,44.64,6.62,3.5
2013,J_KUK_012,Kukatpally Nala Basin,55.11,44.89,0.563,43.67,6.49,3.5
2014,J_KUK_012,Kukatpally Nala Basin,56.83,43.17,0.576,42.38,6.32,3.5
2015,J_KUK_012,Kukatpally Nala Basin,59.01,40.99,0.593,40.74,6.1,3.5
2016,J_KUK_012,Kukatpally Nala Basin,61.64,38.36,0.612,38.77,5.84,3.5
2017,J_KUK_012,Kukatpally Nala Basin,64.58,35.42,0.634,36.57,5.54,3.5
2018,J_KUK_012,Kukatpally Nala Basin,67.64,32.36,0.657,34.27,5.24,3.5
2019,J_KUK_012,Kukatpally Nala Basin,70.58,29.42,0.679,32.06,4.94,3.5
2020,J_KUK_012,Kukatpally Nala Basin,73.21,26.79,0.699,30.1,4.68,3.5
2021,J_KUK_012,Kukatpally Nala Basin,75.39,24.61,0.715,28.46,4.46,3.5
2022,J_KUK_012,Kukatpally Nala Basin,77.11,22.89,0.728,27.17,4.29,3.5
2023,J_KUK_012,Kukatpally Nala Basin,78.4,21.6,0.738,26.2,4.16,3.5
2024,J_KUK_012,Kukatpally Nala Basin,79.34,20.66,0.745,25.49,4.07,3.5
2025,J_KUK_012,Kukatpally Nala Basin,80.01,19.99,0.75,24.99,4.0,3.5
2010,J_KUK_013,Kukatpally Nala Basin,53.23,46.77,0.549,45.08,6.68,3.5
2011,J_KUK_013,Kukatpally Nala Basin,53.91,46.09,0.554,44.57,6.61,3.5
2012,J_KUK_013,Kukatpally Nala Basin,54.87,45.13,0.562,43.85,6.51,3.5
2013,J_KUK_013,Kukatpally Nala Basin,56.19,43.81,0.571,42.86,6.38,3.5
2014,J_KUK_013,Kukatpally Nala Basin,57.95,42.05,0.585,41.54,6.21,3.5
2015,J_KUK_013,Kukatpally Nala Basin,60.18,39.82,0.601,39.86,5.98,3.5
2016,J_KUK_013,Kukatpally Nala Basin,62.86,37.14,0.621,37.85,5.71,3.5
2017,J_KUK_013,Kukatpally Nala Basin,65.87,34.13,0.644,35.59,5.41,3.5
2018,J_KUK_013,Kukatpally Nala Basin,69.0,31.0,0.668,33.25,5.1,3.5
2019,J_KUK_013,Kukatpally Nala Basin,72.01,27.99,0.69,30.99,4.8,3.5
2020,J_KUK_013,Kukatpally Nala Basin,74.69,25.31,0.71,28.98,4.53,3.5
2021,J_KUK_013,Kukatpally Nala Basin,76.93,23.07,0.727,27.3,4.31,3.5
2022,J_KUK_013,Kukatpally Nala Basin,78.69,21.31,0.74,25.99,4.13,3.5
2023,J_KUK_013,Kukatpally Nala Basin,80.01,19.99,0.75,24.99,4.0,3.5
2024,J_KUK_013,Kukatpally Nala Basin,80.97,19.03,0.757,24.27,3.9,3.5
2025,J_KUK_013,Kukatpally Nala Basin,81.65,18.35,0.762,23.76,3.83,3.5
2010,J_KUK_014,Kukatpally Nala Basin,51.71,48.29,0.538,46.22,6.83,3.5
2011,J_KUK_014,Kukatpally Nala Basin,52.4,47.6,0.543,45.7,6.76,3.5
2012,J_KUK_014,Kukatpally Nala Basin,53.38,46.62,0.55,44.97,6.66,3.5
2013,J_KUK_014,Kukatpally Nala Basin,54.72,45.28,0.56,43.96,6.53,3.5
2014,J_KUK_014,Kukatpally Nala Basin,56.5,43.5,0.574,42.62,6.35,3.5
2015,J_KUK_014,Kukatpally Nala Basin,58.77,41.23,0.591,40.93,6.12,3.5
2016,J_KUK_014,Kukatpally Nala Basin,61.49,38.51,0.611,38.88,5.85,3.5
2017,J_KUK_014,Kukatpally Nala Basin,64.54,35.46,0.634,36.6,5.55,3.5
2018,J_KUK_014,Kukatpally Nala Basin,67.72,32.28,0.658,34.21,5.23,3.5
2019,J_KUK_014,Kukatpally Nala Basin,70.77,29.23,0.681,31.92,4.92,3.5
2020,J_KUK_014,Kukatpally Nala Basin,73.49,26.51,0.701,29.88,4.65,3.5
2021,J_KUK_014,Kukatpally Nala Basin,75.75,24.25,0.718,28.18,4.42,3.5
2022,J_KUK_014,Kukatpally Nala Basin,77.54,22.46,0.732,26.85,4.25,3.5
2023,J_KUK_014,Kukatpally Nala Basin,78.88,21.12,0.742,25.84,4.11,3.5
2024,J_KUK_014,Kukatpally Nala Basin,79.85,20.15,0.749,25.11,4.01,3.5
2025,J_KUK_014,Kukatpally Nala Basin,80.55,19.45,0.754,24.59,3.95,3.5
2010,J_KUK_015,Kukatpally Nala Basin,53.86,46.14,0.554,44.6,6.61,3.5
2011,J_KUK_015,Kukatpally Nala Basin,54.46,45.54,0.558,44.15,6.55,3.5
2012,J_KUK_015,Kukatpally Nala Basin,55.31,44.69,0.565,43.52,6.47,3.5
2013,J_KUK_015,Kukatpally Nala Basin,56.47,43.53,0.574,42.64,6.35,3.5
2014,J_KUK_015,Kukatpally Nala Basin,58.02,41.98,0.585,41.48,6.2,3.5
2015,J_KUK_015,Kukatpally Nala Basin,59.99,40.01,0.6,40.01,6.0,3.5
2016,J_KUK_015,Kukatpally Nala Basin,62.35,37.65,0.618,38.24,5.77,3.5
2017,J_KUK_015,Kukatpally Nala Basin,64.99,35.01,0.637,36.26,5.5,3.5
2018,J_KUK_015,Kukatpally Nala Basin,67.75,32.25,0.658,34.19,5.23,3.5
2019,J_KUK_015,Kukatpally Nala Basin,70.39,29.61,0.678,32.2,4.96,3.5
2020,J_KUK_015,Kukatpally Nala Basin,72.75,27.25,0.696,30.43,4.72,3.5
2021,J_KUK_015,Kukatpally Nala Basin,74.72,25.28,0.71,28.96,4.53,3.5
2022,J_KUK_015,Kukatpally Nala Basin,76.27,23.73,0.722,27.8,4.37,3.5
2023,J_KUK_015,Kukatpally Nala Basin,77.43,22.57,0.731,26.93,4.26,3.5
2024,J_KUK_015,Kukatpally Nala Basin,78.28,21.72,0.737,26.29,4.17,3.5
2025,J_KUK_015,Kukatpally Nala Basin,78.88,21.12,0.742,25.84,4.11,3.5
2010,J_BAL_016,Balkapur Nala & Central Zone,69.5,30.5,0.671,32.87,5.05,3.5
2011,J_BAL_016,Balkapur Nala & Central Zone,69.89,30.11,0.674,32.58,5.01,3.5
2012,J_BAL_016,Balkapur Nala & Central Zone,70.44,29.56,0.678,32.17,4.96,3.5
2013,J_BAL_016,Balkapur Nala & Central Zone,71.2,28.8,0.684,31.6,4.88,3.5
2014,J_BAL_016,Balkapur Nala & Central Zone,72.21,27.79,0.692,30.84,4.78,3.5
2015,J_BAL_016,Balkapur Nala & Central Zone,73.5,26.5,0.701,29.88,4.65,3.5
2016,J_BAL_016,Balkapur Nala & Central Zone,75.04,24.96,0.713,28.72,4.5,3.5
2017,J_BAL_016,Balkapur Nala & Central Zone,76.76,23.24,0.726,27.43,4.32,3.5
2018,J_BAL_016,Balkapur Nala & Central Zone,78.56,21.44,0.739,26.08,4.14,3.5
2019,J_BAL_016,Balkapur Nala & Central Zone,80.29,19.71,0.752,24.78,3.97,3.5
2020,J_BAL_016,Balkapur Nala & Central Zone,81.83,18.17,0.764,23.63,3.82,3.5
2021,J_BAL_016,Balkapur Nala & Central Zone,83.11,16.89,0.773,22.66,3.69,3.5
2022,J_BAL_016,Balkapur Nala & Central Zone,84.12,15.88,0.781,21.91,3.59,3.5
2023,J_BAL_016,Balkapur Nala & Central Zone,84.88,15.12,0.787,21.34,3.51,3.5
2024,J_BAL_016,Balkapur Nala & Central Zone,85.44,14.56,0.791,20.92,3.46,3.5
2025,J_BAL_016,Balkapur Nala & Central Zone,85.83,14.17,0.794,20.63,3.42,3.5
2010,J_BAL_017,Balkapur Nala & Central Zone,66.55,33.45,0.649,35.09,5.35,3.5
2011,J_BAL_017,Balkapur Nala & Central Zone,67.08,32.92,0.653,34.69,5.29,3.5
2012,J_BAL_017,Balkapur Nala & Central Zone,67.82,32.18,0.659,34.13,5.22,3.5
2013,J_BAL_017,Balkapur Nala & Central Zone,68.85,31.15,0.666,33.36,5.11,3.5
2014,J_BAL_017,Balkapur Nala & Central Zone,70.22,29.78,0.677,32.34,4.98,3.5
2015,J_BAL_017,Balkapur Nala & Central Zone,71.95,28.05,0.69,31.03,4.8,3.5
2016,J_BAL_017,Balkapur Nala & Central Zone,74.04,25.96,0.705,29.47,4.6,3.5
2017,J_BAL_017,Balkapur Nala & Central Zone,76.38,23.62,0.723,27.72,4.36,3.5
2018,J_BAL_017,Balkapur Nala & Central Zone,78.81,21.19,0.741,25.89,4.12,3.5
2019,J_BAL_017,Balkapur Nala & Central Zone,81.15,18.85,0.759,24.14,3.89,3.5
2020,J_BAL_017,Balkapur Nala & Central Zone,83.23,16.77,0.774,22.58,3.68,3.5
2021,J_BAL_017,Balkapur Nala & Central Zone,84.97,15.03,0.787,21.27,3.5,3.5
2022,J_BAL_017,Balkapur Nala & Central Zone,86.33,13.67,0.798,20.25,3.37,3.5
2023,J_BAL_017,Balkapur Nala & Central Zone,87.36,12.64,0.805,19.48,3.26,3.5
2024,J_BAL_017,Balkapur Nala & Central Zone,88.11,11.89,0.811,18.92,3.19,3.5
2025,J_BAL_017,Balkapur Nala & Central Zone,88.64,11.36,0.815,18.52,3.14,3.5
2010,J_BAL_018,Balkapur Nala & Central Zone,71.67,28.33,0.688,31.25,4.83,3.5
2011,J_BAL_018,Balkapur Nala & Central Zone,72.07,27.93,0.691,30.95,4.79,3.5
2012,J_BAL_018,Balkapur Nala & Central Zone,72.63,27.37,0.695,30.53,4.74,3.5
2013,J_BAL_018,Balkapur Nala & Central Zone,73.41,26.59,0.701,29.94,4.66,3.5
2014,J_BAL_018,Balkapur Nala & Central Zone,74.44,25.56,0.708,29.17,4.56,3.5
2015,J_BAL_018,Balkapur Nala & Central Zone,75.75,24.25,0.718,28.19,4.42,3.5
2016,J_BAL_018,Balkapur Nala & Central Zone,77.33,22.67,0.73,27.0,4.27,3.5
2017,J_BAL_018,Balkapur Nala & Central Zone,79.09,20.91,0.743,25.68,4.09,3.5
2018,J_BAL_018,Balkapur Nala & Central Zone,80.93,19.07,0.757,24.3,3.91,3.5
2019,J_BAL_018,Balkapur Nala & Central Zone,82.7,17.3,0.77,22.98,3.73,3.5
2020,J_BAL_018,Balkapur Nala & Central Zone,84.27,15.73,0.782,21.79,3.57,3.5
2021,J_BAL_018,Balkapur Nala & Central Zone,85.59,14.41,0.792,20.81,3.44,3.5
2022,J_BAL_018,Balkapur Nala & Central Zone,86.62,13.38,0.8,20.04,3.34,3.5
2023,J_BAL_018,Balkapur Nala & Central Zone,87.39,12.61,0.805,19.45,3.26,3.5
2024,J_BAL_018,Balkapur Nala & Central Zone,87.96,12.04,0.81,19.03,3.2,3.5
2025,J_BAL_018,Balkapur Nala & Central Zone,88.36,11.64,0.813,18.73,3.16,3.5
2010,J_BAL_019,Balkapur Nala & Central Zone,67.76,32.24,0.658,34.18,5.22,3.5
2011,J_BAL_019,Balkapur Nala & Central Zone,68.18,31.82,0.661,33.86,5.18,3.5
2012,J_BAL_019,Balkapur Nala & Central Zone,68.78,31.22,0.666,33.42,5.12,3.5
2013,J_BAL_019,Balkapur Nala & Central Zone,69.6,30.4,0.672,32.8,5.04,3.5
2014,J_BAL_019,Balkapur Nala & Central Zone,70.7,29.3,0.68,31.98,4.93,3.5
2015,J_BAL_019,Balkapur Nala & Central Zone,72.09,27.91,0.691,30.93,4.79,3.5
2016,J_BAL_019,Balkapur Nala & Central Zone,73.76,26.24,0.703,29.68,4.62,3.5
2017,J_BAL_019,Balkapur Nala & Central Zone,75.63,24.37,0.717,28.27,4.44,3.5
2018,J_BAL_019,Balkapur Nala & Central Zone,77.58,22.42,0.732,26.81,4.24,3.5
2019,J_BAL_019,Balkapur Nala & Central Zone,79.46,20.54,0.746,25.41,4.05,3.5
2020,J_BAL_019,Balkapur Nala & Central Zone,81.13,18.87,0.758,24.15,3.89,3.5
2021,J_BAL_019,Balkapur Nala & Central Zone,82.52,17.48,0.769,23.11,3.75,3.5
2022,J_BAL_019,Balkapur Nala & Central Zone,83.62,16.38,0.777,22.29,3.64,3.5
2023,J_BAL_019,Balkapur Nala & Central Zone,84.44,15.56,0.783,21.67,3.56,3.5
2024,J_BAL_019,Balkapur Nala & Central Zone,85.04,14.96,0.788,21.22,3.5,3.5
2025,J_BAL_019,Balkapur Nala & Central Zone,85.46,14.54,0.791,20.9,3.45,3.5
2010,J_BAL_020,Balkapur Nala & Central Zone,69.99,30.01,0.675,32.51,5.0,3.5
2011,J_BAL_020,Balkapur Nala & Central Zone,70.4,29.6,0.678,32.2,4.96,3.5
2012,J_BAL_020,Balkapur Nala & Central Zone,70.97,29.03,0.682,31.78,4.9,3.5
2013,J_BAL_020,Balkapur Nala & Central Zone,71.75,28.25,0.688,31.19,4.82,3.5
2014,J_BAL_020,Balkapur Nala & Central Zone,72.8,27.2,0.696,30.4,4.72,3.5
2015,J_BAL_020,Balkapur Nala & Central Zone,74.12,25.88,0.706,29.41,4.59,3.5
2016,J_BAL_020,Balkapur Nala & Central Zone,75.72,24.28,0.718,28.21,4.43,3.5
2017,J_BAL_020,Balkapur Nala & Central Zone,77.5,22.5,0.731,26.87,4.25,3.5
2018,J_BAL_020,Balkapur Nala & Central Zone,79.36,20.64,0.745,25.48,4.06,3.5
2019,J_BAL_020,Balkapur Nala & Central Zone,81.15,18.85,0.759,24.14,3.88,3.5
2020,J_BAL_020,Balkapur Nala & Central Zone,82.74,17.26,0.771,22.94,3.73,3.5
2021,J_BAL_020,Balkapur Nala & Central Zone,84.07,15.93,0.781,21.95,3.59,3.5
2022,J_BAL_020,Balkapur Nala & Central Zone,85.11,14.89,0.788,21.16,3.49,3.5
2023,J_BAL_020,Balkapur Nala & Central Zone,85.9,14.1,0.794,20.58,3.41,3.5
2024,J_BAL_020,Balkapur Nala & Central Zone,86.47,13.53,0.799,20.15,3.35,3.5
2025,J_BAL_020,Balkapur Nala & Central Zone,86.88,13.12,0.802,19.84,3.31,3.5
2010,J_BAL_021,Balkapur Nala & Central Zone,66.79,33.21,0.651,34.91,5.32,3.5
2011,J_BAL_021,Balkapur Nala & Central Zone,67.27,32.73,0.655,34.55,5.27,3.5
2012,J_BAL_021,Balkapur Nala & Central Zone,67.95,32.05,0.66,34.04,5.2,3.5
2013,J_BAL_021,Balkapur Nala & Central Zone,68.89,31.11,0.667,33.33,5.11,3.5
2014,J_BAL_021,Balkapur Nala & Central Zone,70.13,29.87,0.676,32.4,4.99,3.5
2015,J_BAL_021,Balkapur Nala & Central Zone,71.72,28.28,0.688,31.21,4.83,3.5
2016,J_BAL_021,Balkapur Nala & Central Zone,73.62,26.38,0.702,29.79,4.64,3.5
2017,J_BAL_021,Balkapur Nala & Central Zone,75.75,24.25,0.718,28.19,4.43,3.5
2018,J_BAL_021,Balkapur Nala & Central Zone,77.97,22.03,0.735,26.53,4.2,3.5
2019,J_BAL_021,Balkapur Nala & Central Zone,80.1,19.9,0.751,24.93,3.99,3.5
2020,J_BAL_021,Balkapur Nala & Central Zone,82.0,18.0,0.765,23.5,3.8,3.5
2021,J_BAL_021,Balkapur Nala & Central Zone,83.58,16.42,0.777,22.32,3.64,3.5
2022,J_BAL_021,Balkapur Nala & Central Zone,84.82,15.18,0.786,21.38,3.52,3.5
2023,J_BAL_021,Balkapur Nala & Central Zone,85.76,14.24,0.793,20.68,3.42,3.5
2024,J_BAL_021,Balkapur Nala & Central Zone,86.44,13.56,0.798,20.17,3.36,3.5
2025,J_BAL_021,Balkapur Nala & Central Zone,86.93,13.07,0.802,19.81,3.31,3.5
2010,J_BAL_022,Balkapur Nala & Central Zone,66.36,33.64,0.648,35.23,5.36,3.5
2011,J_BAL_022,Balkapur Nala & Central Zone,66.9,33.1,0.652,34.83,5.31,3.5
2012,J_BAL_022,Balkapur Nala & Central Zone,67.64,32.36,0.657,34.27,5.24,3.5
2013,J_BAL_022,Balkapur Nala & Central Zone,68.67,31.33,0.665,33.5,5.13,3.5
2014,J_BAL_022,Balkapur Nala & Central Zone,70.04,29.96,0.675,32.47,5.0,3.5
2015,J_BAL_022,Balkapur Nala & Central Zone,71.78,28.22,0.688,31.17,4.82,3.5
2016,J_BAL_022,Balkapur Nala & Central Zone,73.86,26.14,0.704,29.6,4.61,3.5
2017,J_BAL_022,Balkapur Nala & Central Zone,76.2,23.8,0.722,27.85,4.38,3.5
2018,J_BAL_022,Balkapur Nala & Central Zone,78.64,21.36,0.74,26.02,4.14,3.5
2019,J_BAL_022,Balkapur Nala & Central Zone,80.98,19.02,0.757,24.26,3.9,3.5
2020,J_BAL_022,Balkapur Nala & Central Zone,83.07,16.93,0.773,22.7,3.69,3.5
2021,J_BAL_022,Balkapur Nala & Central Zone,84.8,15.2,0.786,21.4,3.52,3.5
2022,J_BAL_022,Balkapur Nala & Central Zone,86.17,13.83,0.796,20.37,3.38,3.5
2023,J_BAL_022,Balkapur Nala & Central Zone,87.2,12.8,0.804,19.6,3.28,3.5
2024,J_BAL_022,Balkapur Nala & Central Zone,87.95,12.05,0.81,19.04,3.21,3.5
2025,J_BAL_022,Balkapur Nala & Central Zone,88.48,11.52,0.814,18.64,3.15,3.5
2010,J_BAL_023,Balkapur Nala & Central Zone,67.6,32.4,0.657,34.3,5.24,3.5
2011,J_BAL_023,Balkapur Nala & Central Zone,68.08,31.92,0.661,33.94,5.19,3.5
2012,J_BAL_023,Balkapur Nala & Central Zone,68.76,31.24,0.666,33.43,5.12,3.5
2013,J_BAL_023,Balkapur Nala & Central Zone,69.69,30.31,0.673,32.73,5.03,3.5
2014,J_BAL_023,Balkapur Nala & Central Zone,70.92,29.08,0.682,31.81,4.91,3.5
2015,J_BAL_023,Balkapur Nala & Central Zone,72.5,27.5,0.694,30.63,4.75,3.5
2016,J_BAL_023,Balkapur Nala & Central Zone,74.38,25.62,0.708,29.21,4.56,3.5
2017,J_BAL_023,Balkapur Nala & Central Zone,76.5,23.5,0.724,27.62,4.35,3.5
2018,J_BAL_023,Balkapur Nala & Central Zone,78.7,21.3,0.74,25.97,4.13,3.5
2019,J_BAL_023,Balkapur Nala & Central Zone,80.82,19.18,0.756,24.38,3.92,3.5
2020,J_BAL_023,Balkapur Nala & Central Zone,82.71,17.29,0.77,22.97,3.73,3.5
2021,J_BAL_023,Balkapur Nala & Central Zone,84.28,15.72,0.782,21.79,3.57,3.5
2022,J_BAL_023,Balkapur Nala & Central Zone,85.52,14.48,0.791,20.86,3.45,3.5
2023,J_BAL_023,Balkapur Nala & Central Zone,86.45,13.55,0.798,20.17,3.36,3.5
2024,J_BAL_023,Balkapur Nala & Central Zone,87.12,12.88,0.803,19.66,3.29,3.5
2025,J_BAL_023,Balkapur Nala & Central Zone,87.6,12.4,0.807,19.3,3.24,3.5
2010,J_BAL_024,Balkapur Nala & Central Zone,67.88,32.12,0.659,34.09,5.21,3.5
2011,J_BAL_024,Balkapur Nala & Central Zone,68.34,31.66,0.663,33.75,5.17,3.5
2012,J_BAL_024,Balkapur Nala & Central Zone,68.99,31.01,0.667,33.26,5.1,3.5
2013,J_BAL_024,Balkapur Nala & Central Zone,69.88,30.12,0.674,32.59,5.01,3.5
2014,J_BAL_024,Balkapur Nala & Central Zone,71.07,28.93,0.683,31.7,4.89,3.5
2015,J_BAL_024,Balkapur Nala & Central Zone,72.57,27.43,0.694,30.57,4.74,3.5
2016,J_BAL_024,Balkapur Nala & Central Zone,74.39,25.61,0.708,29.21,4.56,3.5
2017,J_BAL_024,Balkapur Nala & Central Zone,76.42,23.58,0.723,27.69,4.36,3.5
2018,J_BAL_024,Balkapur Nala & Central Zone,78.53,21.47,0.739,26.1,4.15,3.5
2019,J_BAL_024,Balkapur Nala & Central Zone,80.56,19.44,0.754,24.58,3.94,3.5
2020,J_BAL_024,Balkapur Nala & Central Zone,82.38,17.62,0.768,23.22,3.76,3.5
2021,J_BAL_024,Balkapur Nala & Central Zone,83.88,16.12,0.779,22.09,3.61,3.5
2022,J_BAL_024,Balkapur Nala & Central Zone,85.07,14.93,0.788,21.2,3.49,3.5
2023,J_BAL_024,Balkapur Nala & Central Zone,85.96,14.04,0.795,20.53,3.4,3.5
2024,J_BAL_024,Balkapur Nala & Central Zone,86.61,13.39,0.8,20.04,3.34,3.5
2025,J_BAL_024,Balkapur Nala & Central Zone,87.07,12.93,0.803,19.69,3.29,3.5
2010,J_BAL_025,Balkapur Nala & Central Zone,69.16,30.84,0.669,33.13,5.08,3.5
2011,J_BAL_025,Balkapur Nala & Central Zone,69.56,30.44,0.672,32.83,5.04,3.5
2012,J_BAL_025,Balkapur Nala & Central Zone,70.12,29.88,0.676,32.41,4.99,3.5
2013,J_BAL_025,Balkapur Nala & Central Zone,70.9,29.1,0.682,31.83,4.91,3.5
2014,J_BAL_025,Balkapur Nala & Central Zone,71.93,28.07,0.689,31.05,4.81,3.5
2015,J_BAL_025,Balkapur Nala & Central Zone,73.24,26.76,0.699,30.07,4.68,3.5
2016,J_BAL_025,Balkapur Nala & Central Zone,74.82,25.18,0.711,28.88,4.52,3.5
2017,J_BAL_025,Balkapur Nala & Central Zone,76.59,23.41,0.724,27.56,4.34,3.5
2018,J_BAL_025,Balkapur Nala & Central Zone,78.43,21.57,0.738,26.18,4.16,3.5
2019,J_BAL_025,Balkapur Nala & Central Zone,80.2,19.8,0.751,24.85,3.98,3.5
2020,J_BAL_025,Balkapur Nala & Central Zone,81.77,18.23,0.763,23.67,3.82,3.5
2021,J_BAL_025,Balkapur Nala & Central Zone,83.09,16.91,0.773,22.68,3.69,3.5
2022,J_BAL_025,Balkapur Nala & Central Zone,84.12,15.88,0.781,21.91,3.59,3.5
2023,J_BAL_025,Balkapur Nala & Central Zone,84.9,15.1,0.787,21.33,3.51,3.5
2024,J_BAL_025,Balkapur Nala & Central Zone,85.46,14.54,0.791,20.9,3.45,3.5
2025,J_BAL_025,Balkapur Nala & Central Zone,85.86,14.14,0.794,20.6,3.41,3.5
2010,J_BAL_026,Balkapur Nala & Central Zone,71.68,28.32,0.688,31.24,4.83,3.5
2011,J_BAL_026,Balkapur Nala & Central Zone,72.08,27.92,0.691,30.94,4.79,3.5
2012,J_BAL_026,Balkapur Nala & Central Zone,72.64,27.36,0.695,30.52,4.74,3.5
2013,J_BAL_026,Balkapur Nala & Central Zone,73.41,26.59,0.701,29.94,4.66,3.5
2014,J_BAL_026,Balkapur Nala & Central Zone,74.43,25.57,0.708,29.17,4.56,3.5
2015,J_BAL_026,Balkapur Nala & Central Zone,75.73,24.27,0.718,28.2,4.43,3.5
2016,J_BAL_026,Balkapur Nala & Central Zone,77.3,22.7,0.73,27.03,4.27,3.5
2017,J_BAL_026,Balkapur Nala & Central Zone,79.05,20.95,0.743,25.71,4.1,3.5
2018,J_BAL_026,Balkapur Nala & Central Zone,80.87,19.13,0.757,24.35,3.91,3.5
2019,J_BAL_026,Balkapur Nala & Central Zone,82.62,17.38,0.77,23.03,3.74,3.5
2020,J_BAL_026,Balkapur Nala & Central Zone,84.18,15.82,0.781,21.86,3.58,3.5
2021,J_BAL_026,Balkapur Nala & Central Zone,85.48,14.52,0.791,20.89,3.45,3.5
2022,J_BAL_026,Balkapur Nala & Central Zone,86.51,13.49,0.799,20.12,3.35,3.5
2023,J_BAL_026,Balkapur Nala & Central Zone,87.28,12.72,0.805,19.54,3.27,3.5
2024,J_BAL_026,Balkapur Nala & Central Zone,87.84,12.16,0.809,19.12,3.22,3.5
2025,J_BAL_026,Balkapur Nala & Central Zone,88.23,11.77,0.812,18.82,3.18,3.5
2010,J_BAL_027,Balkapur Nala & Central Zone,71.54,28.46,0.687,31.35,4.85,3.5
2011,J_BAL_027,Balkapur Nala & Central Zone,71.95,28.05,0.69,31.04,4.81,3.5
2012,J_BAL_027,Balkapur Nala & Central Zone,72.53,27.47,0.694,30.61,4.75,3.5
2013,J_BAL_027,Balkapur Nala & Central Zone,73.32,26.68,0.7,30.01,4.67,3.5
2014,J_BAL_027,Balkapur Nala & Central Zone,74.38,25.62,0.708,29.21,4.56,3.5
2015,J_BAL_027,Balkapur Nala & Central Zone,75.73,24.27,0.718,28.2,4.43,3.5
2016,J_BAL_027,Balkapur Nala & Central Zone,77.35,22.65,0.73,26.99,4.27,3.5
2017,J_BAL_027,Balkapur Nala & Central Zone,79.16,20.84,0.744,25.63,4.08,3.5
2018,J_BAL_027,Balkapur Nala & Central Zone,81.05,18.95,0.758,24.21,3.89,3.5
2019,J_BAL_027,Balkapur Nala & Central Zone,82.87,17.13,0.772,22.85,3.71,3.5
2020,J_BAL_027,Balkapur Nala & Central Zone,84.48,15.52,0.784,21.64,3.55,3.5
2021,J_BAL_027,Balkapur Nala & Central Zone,85.83,14.17,0.794,20.63,3.42,3.5
2022,J_BAL_027,Balkapur Nala & Central Zone,86.89,13.11,0.802,19.83,3.31,3.5
2023,J_BAL_027,Balkapur Nala & Central Zone,87.69,12.31,0.808,19.23,3.23,3.5
2024,J_BAL_027,Balkapur Nala & Central Zone,88.27,11.73,0.812,18.8,3.17,3.5
2025,J_BAL_027,Balkapur Nala & Central Zone,88.68,11.32,0.815,18.49,3.13,3.5
2010,J_BAL_028,Balkapur Nala & Central Zone,69.59,30.41,0.672,32.81,5.04,3.5
2011,J_BAL_028,Balkapur Nala & Central Zone,70.05,29.95,0.675,32.47,5.0,3.5
2012,J_BAL_028,Balkapur Nala & Central Zone,70.69,29.31,0.68,31.98,4.93,3.5
2013,J_BAL_028,Balkapur Nala & Central Zone,71.58,28.42,0.687,31.31,4.84,3.5
2014,J_BAL_028,Balkapur Nala & Central Zone,72.76,27.24,0.696,30.43,4.72,3.5
2015,J_BAL_028,Balkapur Nala & Central Zone,74.26,25.74,0.707,29.3,4.57,3.5
2016,J_BAL_028,Balkapur Nala & Central Zone,76.06,23.94,0.72,27.95,4.39,3.5
2017,J_BAL_028,Balkapur Nala & Central Zone,78.09,21.91,0.736,26.44,4.19,3.5
2018,J_BAL_028,Balkapur Nala & Central Zone,80.19,19.81,0.751,24.86,3.98,3.5
2019,J_BAL_028,Balkapur Nala & Central Zone,82.21,17.79,0.767,23.34,3.78,3.5
2020,J_BAL_028,Balkapur Nala & Central Zone,84.01,15.99,0.78,21.99,3.6,3.5
2021,J_BAL_028,Balkapur Nala & Central Zone,85.51,14.49,0.791,20.86,3.45,3.5
2022,J_BAL_028,Balkapur Nala & Central Zone,86.69,13.31,0.8,19.98,3.33,3.5
2023,J_BAL_028,Balkapur Nala & Central Zone,87.58,12.42,0.807,19.31,3.24,3.5
2024,J_BAL_028,Balkapur Nala & Central Zone,88.23,11.77,0.812,18.83,3.18,3.5
2025,J_BAL_028,Balkapur Nala & Central Zone,88.69,11.31,0.815,18.48,3.13,3.5
2010,J_BAL_029,Balkapur Nala & Central Zone,66.54,33.46,0.649,35.1,5.35,3.5
2011,J_BAL_029,Balkapur Nala & Central Zone,67.0,33.0,0.653,34.75,5.3,3.5
2012,J_BAL_029,Balkapur Nala & Central Zone,67.65,32.35,0.657,34.26,5.23,3.5
2013,J_BAL_029,Balkapur Nala & Central Zone,68.55,31.45,0.664,33.59,5.15,3.5
2014,J_BAL_029,Balkapur Nala & Central Zone,69.74,30.26,0.673,32.7,5.03,3.5
2015,J_BAL_029,Balkapur Nala & Central Zone,71.25,28.75,0.684,31.56,4.88,3.5
2016,J_BAL_029,Balkapur Nala & Central Zone,73.06,26.94,0.698,30.2,4.69,3.5
2017,J_BAL_029,Balkapur Nala & Central Zone,75.1,24.9,0.713,28.68,4.49,3.5
2018,J_BAL_029,Balkapur Nala & Central Zone,77.22,22.78,0.729,27.09,4.28,3.5
2019,J_BAL_029,Balkapur Nala & Central Zone,79.25,20.75,0.744,25.56,4.07,3.5
2020,J_BAL_029,Balkapur Nala & Central Zone,81.07,18.93,0.758,24.2,3.89,3.5
2021,J_BAL_029,Balkapur Nala & Central Zone,82.58,17.42,0.769,23.07,3.74,3.5
2022,J_BAL_029,Balkapur Nala & Central Zone,83.77,16.23,0.778,22.17,3.62,3.5
2023,J_BAL_029,Balkapur Nala & Central Zone,84.66,15.34,0.785,21.5,3.53,3.5
2024,J_BAL_029,Balkapur Nala & Central Zone,85.31,14.69,0.79,21.01,3.47,3.5
2025,J_BAL_029,Balkapur Nala & Central Zone,85.78,14.22,0.793,20.67,3.42,3.5
2010,J_BAL_030,Balkapur Nala & Central Zone,66.32,33.68,0.647,35.26,5.37,3.5
2011,J_BAL_030,Balkapur Nala & Central Zone,66.79,33.21,0.651,34.9,5.32,3.5
2012,J_BAL_030,Balkapur Nala & Central Zone,67.47,32.53,0.656,34.4,5.25,3.5
2013,J_BAL_030,Balkapur Nala & Central Zone,68.4,31.6,0.663,33.7,5.16,3.5
2014,J_BAL_030,Balkapur Nala & Central Zone,69.63,30.37,0.672,32.78,5.04,3.5
2015,J_BAL_030,Balkapur Nala & Central Zone,71.2,28.8,0.684,31.6,4.88,3.5
2016,J_BAL_030,Balkapur Nala & Central Zone,73.08,26.92,0.698,30.19,4.69,3.5
2017,J_BAL_030,Balkapur Nala & Central Zone,75.19,24.81,0.714,28.61,4.48,3.5
2018,J_BAL_030,Balkapur Nala & Central Zone,77.38,22.62,0.73,26.96,4.26,3.5
2019,J_BAL_030,Balkapur Nala & Central Zone,79.5,20.5,0.746,25.38,4.05,3.5
2020,J_BAL_030,Balkapur Nala & Central Zone,81.38,18.62,0.76,23.97,3.86,3.5
2021,J_BAL_030,Balkapur Nala & Central Zone,82.94,17.06,0.772,22.79,3.71,3.5
2022,J_BAL_030,Balkapur Nala & Central Zone,84.18,15.82,0.781,21.87,3.58,3.5
2023,J_BAL_030,Balkapur Nala & Central Zone,85.1,14.9,0.788,21.17,3.49,3.5
2024,J_BAL_030,Balkapur Nala & Central Zone,85.78,14.22,0.793,20.67,3.42,3.5
2025,J_BAL_030,Balkapur Nala & Central Zone,86.26,13.74,0.797,20.31,3.37,3.5
2010,J_HUS_031,Hussain Sagar Surplus & Ashok Nagar,72.17,27.83,0.691,30.87,4.78,3.5
2011,J_HUS_031,Hussain Sagar Surplus & Ashok Nagar,72.56,27.44,0.694,30.58,4.74,3.5
2012,J_HUS_031,Hussain Sagar Surplus & Ashok Nagar,73.1,26.9,0.698,30.17,4.69,3.5
2013,J_HUS_031,Hussain Sagar Surplus & Ashok Nagar,73.85,26.15,0.704,29.61,4.61,3.5
2014,J_HUS_031,Hussain Sagar Surplus & Ashok Nagar,74.84,25.16,0.711,28.87,4.52,3.5
2015,J_HUS_031,Hussain Sagar Surplus & Ashok Nagar,76.11,23.89,0.721,27.92,4.39,3.5
2016,J_HUS_031,Hussain Sagar Surplus & Ashok Nagar,77.62,22.38,0.732,26.78,4.24,3.5
2017,J_HUS_031,Hussain Sagar Surplus & Ashok Nagar,79.32,20.68,0.745,25.51,4.07,3.5
2018,J_HUS_031,Hussain Sagar Surplus & Ashok Nagar,81.09,18.91,0.758,24.18,3.89,3.5
2019,J_HUS_031,Hussain Sagar Surplus & Ashok Nagar,82.79,17.21,0.771,22.9,3.72,3.5
2020,J_HUS_031,Hussain Sagar Surplus & Ashok Nagar,84.31,15.69,0.782,21.77,3.57,3.5
2021,J_HUS_031,Hussain Sagar Surplus & Ashok Nagar,85.57,14.43,0.792,20.82,3.44,3.5
2022,J_HUS_031,Hussain Sagar Surplus & Ashok Nagar,86.57,13.43,0.799,20.07,3.34,3.5
2023,J_HUS_031,Hussain Sagar Surplus & Ashok Nagar,87.31,12.69,0.805,19.51,3.27,3.5
2024,J_HUS_031,Hussain Sagar Surplus & Ashok Nagar,87.86,12.14,0.809,19.11,3.21,3.5
2025,J_HUS_031,Hussain Sagar Surplus & Ashok Nagar,88.24,11.76,0.812,18.82,3.18,3.5
2010,J_HUS_032,Hussain Sagar Surplus & Ashok Nagar,74.71,25.29,0.71,28.97,4.53,3.5
2011,J_HUS_032,Hussain Sagar Surplus & Ashok Nagar,75.04,24.96,0.713,28.72,4.5,3.5
2012,J_HUS_032,Hussain Sagar Surplus & Ashok Nagar,75.51,24.49,0.716,28.36,4.45,3.5
2013,J_HUS_032,Hussain Sagar Surplus & Ashok Nagar,76.16,23.84,0.721,27.88,4.38,3.5
2014,J_HUS_032,Hussain Sagar Surplus & Ashok Nagar,77.03,22.97,0.728,27.23,4.3,3.5
2015,J_HUS_032,Hussain Sagar Surplus & Ashok Nagar,78.13,21.87,0.736,26.4,4.19,3.5
2016,J_HUS_032,Hussain Sagar Surplus & Ashok Nagar,79.45,20.55,0.746,25.41,4.06,3.5
2017,J_HUS_032,Hussain Sagar Surplus & Ashok Nagar,80.93,19.07,0.757,24.3,3.91,3.5
2018,J_HUS_032,Hussain Sagar Surplus & Ashok Nagar,82.47,17.53,0.769,23.15,3.75,3.5
2019,J_HUS_032,Hussain Sagar Surplus & Ashok Nagar,83.95,16.05,0.78,22.04,3.6,3.5
2020,J_HUS_032,Hussain Sagar Surplus & Ashok Nagar,85.27,14.73,0.79,21.05,3.47,3.5
2021,J_HUS_032,Hussain Sagar Surplus & Ashok Nagar,86.37,13.63,0.798,20.22,3.36,3.5
2022,J_HUS_032,Hussain Sagar Surplus & Ashok Nagar,87.23,12.77,0.804,19.57,3.28,3.5
2023,J_HUS_032,Hussain Sagar Surplus & Ashok Nagar,87.89,12.11,0.809,19.09,3.21,3.5
2024,J_HUS_032,Hussain Sagar Surplus & Ashok Nagar,88.36,11.64,0.813,18.73,3.16,3.5
2025,J_HUS_032,Hussain Sagar Surplus & Ashok Nagar,88.69,11.31,0.815,18.48,3.13,3.5
2010,J_HUS_033,Hussain Sagar Surplus & Ashok Nagar,71.61,28.39,0.687,31.29,4.84,3.5
2011,J_HUS_033,Hussain Sagar Surplus & Ashok Nagar,72.03,27.97,0.69,30.98,4.8,3.5
2012,J_HUS_033,Hussain Sagar Surplus & Ashok Nagar,72.63,27.37,0.695,30.53,4.74,3.5
2013,J_HUS_033,Hussain Sagar Surplus & Ashok Nagar,73.45,26.55,0.701,29.91,4.66,3.5
2014,J_HUS_033,Hussain Sagar Surplus & Ashok Nagar,74.54,25.46,0.709,29.09,4.55,3.5
2015,J_HUS_033,Hussain Sagar Surplus & Ashok Nagar,75.93,24.07,0.719,28.06,4.41,3.5
2016,J_HUS_033,Hussain Sagar Surplus & Ashok Nagar,77.59,22.41,0.732,26.81,4.24,3.5
2017,J_HUS_033,Hussain Sagar Surplus & Ashok Nagar,79.46,20.54,0.746,25.41,4.05,3.5
2018,J_HUS_033,Hussain Sagar Surplus & Ashok Nagar,81.4,18.6,0.76,23.95,3.86,3.5
2019,J_HUS_033,Hussain Sagar Surplus & Ashok Nagar,83.27,16.73,0.774,22.55,3.67,3.5
2020,J_HUS_033,Hussain Sagar Surplus & Ashok Nagar,84.93,15.07,0.787,21.3,3.51,3.5
2021,J_HUS_033,Hussain Sagar Surplus & Ashok Nagar,86.32,13.68,0.797,20.26,3.37,3.5
2022,J_HUS_033,Hussain Sagar Surplus & Ashok Nagar,87.41,12.59,0.806,19.44,3.26,3.5
2023,J_HUS_033,Hussain Sagar Surplus & Ashok Nagar,88.23,11.77,0.812,18.83,3.18,3.5
2024,J_HUS_033,Hussain Sagar Surplus & Ashok Nagar,88.82,11.18,0.816,18.38,3.12,3.5
2025,J_HUS_033,Hussain Sagar Surplus & Ashok Nagar,89.25,10.75,0.819,18.06,3.08,3.5
2010,J_HUS_034,Hussain Sagar Surplus & Ashok Nagar,70.86,29.14,0.681,31.86,4.91,3.5
2011,J_HUS_034,Hussain Sagar Surplus & Ashok Nagar,71.32,28.68,0.685,31.51,4.87,3.5
2012,J_HUS_034,Hussain Sagar Surplus & Ashok Nagar,71.98,28.02,0.69,31.02,4.8,3.5
2013,J_HUS_034,Hussain Sagar Surplus & Ashok Nagar,72.88,27.12,0.697,30.34,4.71,3.5
2014,J_HUS_034,Hussain Sagar Surplus & Ashok Nagar,74.07,25.93,0.706,29.45,4.59,3.5
2015,J_HUS_034,Hussain Sagar Surplus & Ashok Nagar,75.59,24.41,0.717,28.31,4.44,3.5
2016,J_HUS_034,Hussain Sagar Surplus & Ashok Nagar,77.42,22.58,0.731,26.94,4.26,3.5
2017,J_HUS_034,Hussain Sagar Surplus & Ashok Nagar,79.46,20.54,0.746,25.4,4.05,3.5
2018,J_HUS_034,Hussain Sagar Surplus & Ashok Nagar,81.59,18.41,0.762,23.81,3.84,3.5
2019,J_HUS_034,Hussain Sagar Surplus & Ashok Nagar,83.64,16.36,0.777,22.27,3.64,3.5
2020,J_HUS_034,Hussain Sagar Surplus & Ashok Nagar,85.46,14.54,0.791,20.9,3.45,3.5
2021,J_HUS_034,Hussain Sagar Surplus & Ashok Nagar,86.98,13.02,0.802,19.76,3.3,3.5
2022,J_HUS_034,Hussain Sagar Surplus & Ashok Nagar,88.18,11.82,0.811,18.87,3.18,3.5
2023,J_HUS_034,Hussain Sagar Surplus & Ashok Nagar,89.08,10.92,0.818,18.19,3.09,3.5
2024,J_HUS_034,Hussain Sagar Surplus & Ashok Nagar,89.73,10.27,0.823,17.7,3.03,3.5
2025,J_HUS_034,Hussain Sagar Surplus & Ashok Nagar,90.2,9.8,0.826,17.35,2.98,3.5
2010,J_HUS_035,Hussain Sagar Surplus & Ashok Nagar,70.51,29.49,0.679,32.11,4.95,3.5
2011,J_HUS_035,Hussain Sagar Surplus & Ashok Nagar,71.0,29.0,0.683,31.75,4.9,3.5
2012,J_HUS_035,Hussain Sagar Surplus & Ashok Nagar,71.69,28.31,0.688,31.23,4.83,3.5
2013,J_HUS_035,Hussain Sagar Surplus & Ashok Nagar,72.64,27.36,0.695,30.52,4.74,3.5
2014,J_HUS_035,Hussain Sagar Surplus & Ashok Nagar,73.9,26.1,0.704,29.58,4.61,3.5
2015,J_HUS_035,Hussain Sagar Surplus & Ashok Nagar,75.5,24.5,0.716,28.38,4.45,3.5
2016,J_HUS_035,Hussain Sagar Surplus & Ashok Nagar,77.42,22.58,0.731,26.93,4.26,3.5
2017,J_HUS_035,Hussain Sagar Surplus & Ashok Nagar,79.58,20.42,0.747,25.32,4.04,3.5
2018,J_HUS_035,Hussain Sagar Surplus & Ashok Nagar,81.82,18.18,0.764,23.64,3.82,3.5
2019,J_HUS_035,Hussain Sagar Surplus & Ashok Nagar,83.97,16.03,0.78,22.02,3.6,3.5
2020,J_HUS_035,Hussain Sagar Surplus & Ashok Nagar,85.9,14.1,0.794,20.58,3.41,3.5
2021,J_HUS_035,Hussain Sagar Surplus & Ashok Nagar,87.5,12.5,0.806,19.38,3.25,3.5
2022,J_HUS_035,Hussain Sagar Surplus & Ashok Nagar,88.76,11.24,0.816,18.43,3.12,3.5
2023,J_HUS_035,Hussain Sagar Surplus & Ashok Nagar,89.7,10.3,0.823,17.72,3.03,3.5
2024,J_HUS_035,Hussain Sagar Surplus & Ashok Nagar,90.39,9.61,0.828,17.21,2.96,3.5
2025,J_HUS_035,Hussain Sagar Surplus & Ashok Nagar,90.88,9.12,0.832,16.84,2.91,3.5
2010,J_HUS_036,Hussain Sagar Surplus & Ashok Nagar,74.35,25.65,0.708,29.24,4.56,3.5
2011,J_HUS_036,Hussain Sagar Surplus & Ashok Nagar,74.68,25.32,0.71,28.99,4.53,3.5
2012,J_HUS_036,Hussain Sagar Surplus & Ashok Nagar,75.15,24.85,0.714,28.64,4.49,3.5
2013,J_HUS_036,Hussain Sagar Surplus & Ashok Nagar,75.78,24.22,0.718,28.16,4.42,3.5
2014,J_HUS_036,Hussain Sagar Surplus & Ashok Nagar,76.63,23.37,0.725,27.53,4.34,3.5
2015,J_HUS_036,Hussain Sagar Surplus & Ashok Nagar,77.71,22.29,0.733,26.72,4.23,3.5
2016,J_HUS_036,Hussain Sagar Surplus & Ashok Nagar,79.01,20.99,0.743,25.75,4.1,3.5
2017,J_HUS_036,Hussain Sagar Surplus & Ashok Nagar,80.46,19.54,0.753,24.66,3.95,3.5
2018,J_HUS_036,Hussain Sagar Surplus & Ashok Nagar,81.97,18.03,0.765,23.52,3.8,3.5
2019,J_HUS_036,Hussain Sagar Surplus & Ashok Nagar,83.42,16.58,0.776,22.43,3.66,3.5
2020,J_HUS_036,Hussain Sagar Surplus & Ashok Nagar,84.72,15.28,0.785,21.46,3.53,3.5
2021,J_HUS_036,Hussain Sagar Surplus & Ashok Nagar,85.8,14.2,0.793,20.65,3.42,3.5
2022,J_HUS_036,Hussain Sagar Surplus & Ashok Nagar,86.64,13.36,0.8,20.02,3.34,3.5
2023,J_HUS_036,Hussain Sagar Surplus & Ashok Nagar,87.28,12.72,0.805,19.54,3.27,3.5
2024,J_HUS_036,Hussain Sagar Surplus & Ashok Nagar,87.75,12.25,0.808,19.19,3.23,3.5
2025,J_HUS_036,Hussain Sagar Surplus & Ashok Nagar,88.08,11.92,0.811,18.94,3.19,3.5
2010,J_HUS_037,Hussain Sagar Surplus & Ashok Nagar,70.09,29.91,0.676,32.43,4.99,3.5
2011,J_HUS_037,Hussain Sagar Surplus & Ashok Nagar,70.57,29.43,0.679,32.07,4.94,3.5
2012,J_HUS_037,Hussain Sagar Surplus & Ashok Nagar,71.25,28.75,0.684,31.56,4.87,3.5
2013,J_HUS_037,Hussain Sagar Surplus & Ashok Nagar,72.19,27.81,0.691,30.86,4.78,3.5
2014,J_HUS_037,Hussain Sagar Surplus & Ashok Nagar,73.43,26.57,0.701,29.93,4.66,3.5
2015,J_HUS_037,Hussain Sagar Surplus & Ashok Nagar,75.01,24.99,0.713,28.74,4.5,3.5
2016,J_HUS_037,Hussain Sagar Surplus & Ashok Nagar,76.91,23.09,0.727,27.32,4.31,3.5
2017,J_HUS_037,Hussain Sagar Surplus & Ashok Nagar,79.04,20.96,0.743,25.72,4.1,3.5
2018,J_HUS_037,Hussain Sagar Surplus & Ashok Nagar,81.26,18.74,0.759,24.06,3.87,3.5
2019,J_HUS_037,Hussain Sagar Surplus & Ashok Nagar,83.39,16.61,0.775,22.46,3.66,3.5
2020,J_HUS_037,Hussain Sagar Surplus & Ashok Nagar,85.28,14.72,0.79,21.04,3.47,3.5
2021,J_HUS_037,Hussain Sagar Surplus & Ashok Nagar,86.86,13.14,0.801,19.85,3.31,3.5
2022,J_HUS_037,Hussain Sagar Surplus & Ashok Nagar,88.11,11.89,0.811,18.92,3.19,3.5
2023,J_HUS_037,Hussain Sagar Surplus & Ashok Nagar,89.04,10.96,0.818,18.22,3.1,3.5
2024,J_HUS_037,Hussain Sagar Surplus & Ashok Nagar,89.72,10.28,0.823,17.71,3.03,3.5
2025,J_HUS_037,Hussain Sagar Surplus & Ashok Nagar,90.21,9.79,0.827,17.34,2.98,3.5
2010,J_HUS_038,Hussain Sagar Surplus & Ashok Nagar,74.08,25.92,0.706,29.44,4.59,3.5
2011,J_HUS_038,Hussain Sagar Surplus & Ashok Nagar,74.46,25.54,0.708,29.15,4.55,3.5
2012,J_HUS_038,Hussain Sagar Surplus & Ashok Nagar,75.0,25.0,0.713,28.75,4.5,3.5
2013,J_HUS_038,Hussain Sagar Surplus & Ashok Nagar,75.75,24.25,0.718,28.19,4.43,3.5
2014,J_HUS_038,Hussain Sagar Surplus & Ashok Nagar,76.74,23.26,0.726,27.45,4.33,3.5
2015,J_HUS_038,Hussain Sagar Surplus & Ashok Nagar,77.99,22.01,0.735,26.5,4.2,3.5
2016,J_HUS_038,Hussain Sagar Surplus & Ashok Nagar,79.5,20.5,0.746,25.37,4.05,3.5
2017,J_HUS_038,Hussain Sagar Surplus & Ashok Nagar,81.2,18.8,0.759,24.1,3.88,3.5
2018,J_HUS_038,Hussain Sagar Surplus & Ashok Nagar,82.96,17.04,0.772,22.78,3.7,3.5
2019,J_HUS_038,Hussain Sagar Surplus & Ashok Nagar,84.65,15.35,0.785,21.51,3.53,3.5
2020,J_HUS_038,Hussain Sagar Surplus & Ashok Nagar,86.16,13.84,0.796,20.38,3.38,3.5
2021,J_HUS_038,Hussain Sagar Surplus & Ashok Nagar,87.42,12.58,0.806,19.44,3.26,3.5
2022,J_HUS_038,Hussain Sagar Surplus & Ashok Nagar,88.41,11.59,0.813,18.69,3.16,3.5
2023,J_HUS_038,Hussain Sagar Surplus & Ashok Nagar,89.15,10.85,0.819,18.14,3.08,3.5
2024,J_HUS_038,Hussain Sagar Surplus & Ashok Nagar,89.69,10.31,0.823,17.73,3.03,3.5
2025,J_HUS_038,Hussain Sagar Surplus & Ashok Nagar,90.08,9.92,0.826,17.44,2.99,3.5
2010,J_HUS_039,Hussain Sagar Surplus & Ashok Nagar,74.32,25.68,0.707,29.26,4.57,3.5
2011,J_HUS_039,Hussain Sagar Surplus & Ashok Nagar,74.64,25.36,0.71,29.02,4.54,3.5
2012,J_HUS_039,Hussain Sagar Surplus & Ashok Nagar,75.09,24.91,0.713,28.68,4.49,3.5
2013,J_HUS_039,Hussain Sagar Surplus & Ashok Nagar,75.71,24.29,0.718,28.22,4.43,3.5
2014,J_HUS_039,Hussain Sagar Surplus & Ashok Nagar,76.53,23.47,0.724,27.6,4.35,3.5
2015,J_HUS_039,Hussain Sagar Surplus & Ashok Nagar,77.57,22.43,0.732,26.82,4.24,3.5
2016,J_HUS_039,Hussain Sagar Surplus & Ashok Nagar,78.83,21.17,0.741,25.88,4.12,3.5
2017,J_HUS_039,Hussain Sagar Surplus & Ashok Nagar,80.23,19.77,0.752,24.83,3.98,3.5
2018,J_HUS_039,Hussain Sagar Surplus & Ashok Nagar,81.69,18.31,0.763,23.73,3.83,3.5
2019,J_HUS_039,Hussain Sagar Surplus & Ashok Nagar,83.1,16.9,0.773,22.68,3.69,3.5
2020,J_HUS_039,Hussain Sagar Surplus & Ashok Nagar,84.35,15.65,0.783,21.74,3.56,3.5
2021,J_HUS_039,Hussain Sagar Surplus & Ashok Nagar,85.39,14.61,0.79,20.95,3.46,3.5
2022,J_HUS_039,Hussain Sagar Surplus & Ashok Nagar,86.22,13.78,0.797,20.34,3.38,3.5
2023,J_HUS_039,Hussain Sagar Surplus & Ashok Nagar,86.83,13.17,0.801,19.88,3.32,3.5
2024,J_HUS_039,Hussain Sagar Surplus & Ashok Nagar,87.28,12.72,0.805,19.54,3.27,3.5
2025,J_HUS_039,Hussain Sagar Surplus & Ashok Nagar,87.6,12.4,0.807,19.3,3.24,3.5
2010,J_HUS_040,Hussain Sagar Surplus & Ashok Nagar,71.97,28.03,0.69,31.02,4.8,3.5
2011,J_HUS_040,Hussain Sagar Surplus & Ashok Nagar,72.35,27.65,0.693,30.74,4.77,3.5
2012,J_HUS_040,Hussain Sagar Surplus & Ashok Nagar,72.88,27.12,0.697,30.34,4.71,3.5
2013,J_HUS_040,Hussain Sagar Surplus & Ashok Nagar,73.61,26.39,0.702,29.8,4.64,3.5
2014,J_HUS_040,Hussain Sagar Surplus & Ashok Nagar,74.58,25.42,0.709,29.07,4.54,3.5
2015,J_HUS_040,Hussain Sagar Surplus & Ashok Nagar,75.81,24.19,0.719,28.14,4.42,3.5
2016,J_HUS_040,Hussain Sagar Surplus & Ashok Nagar,77.29,22.71,0.73,27.04,4.27,3.5
2017,J_HUS_040,Hussain Sagar Surplus & Ashok Nagar,78.94,21.06,0.742,25.79,4.11,3.5
2018,J_HUS_040,Hussain Sagar Surplus & Ashok Nagar,80.67,19.33,0.755,24.5,3.93,3.5
2019,J_HUS_040,Hussain Sagar Surplus & Ashok Nagar,82.33,17.67,0.767,23.25,3.77,3.5
2020,J_HUS_040,Hussain Sagar Surplus & Ashok Nagar,83.81,16.19,0.779,22.14,3.62,3.5
2021,J_HUS_040,Hussain Sagar Surplus & Ashok Nagar,85.04,14.96,0.788,21.22,3.5,3.5
2022,J_HUS_040,Hussain Sagar Surplus & Ashok Nagar,86.01,13.99,0.795,20.49,3.4,3.5
2023,J_HUS_040,Hussain Sagar Surplus & Ashok Nagar,86.74,13.26,0.801,19.95,3.33,3.5
2024,J_HUS_040,Hussain Sagar Surplus & Ashok Nagar,87.27,12.73,0.804,19.55,3.27,3.5
2025,J_HUS_040,Hussain Sagar Surplus & Ashok Nagar,87.64,12.36,0.807,19.27,3.24,3.5
2010,J_HUS_041,Hussain Sagar Surplus & Ashok Nagar,74.95,25.05,0.712,28.79,4.5,3.5
2011,J_HUS_041,Hussain Sagar Surplus & Ashok Nagar,75.31,24.69,0.715,28.52,4.47,3.5
2012,J_HUS_041,Hussain Sagar Surplus & Ashok Nagar,75.81,24.19,0.719,28.15,4.42,3.5
2013,J_HUS_041,Hussain Sagar Surplus & Ashok Nagar,76.49,23.51,0.724,27.63,4.35,3.5
2014,J_HUS_041,Hussain Sagar Surplus & Ashok Nagar,77.41,22.59,0.731,26.95,4.26,3.5
2015,J_HUS_041,Hussain Sagar Surplus & Ashok Nagar,78.57,21.43,0.739,26.08,4.14,3.5
2016,J_HUS_041,Hussain Sagar Surplus & Ashok Nagar,79.96,20.04,0.75,25.03,4.0,3.5
2017,J_HUS_041,Hussain Sagar Surplus & Ashok Nagar,81.52,18.48,0.761,23.86,3.85,3.5
2018,J_HUS_041,Hussain Sagar Surplus & Ashok Nagar,83.15,16.85,0.774,22.64,3.69,3.5
2019,J_HUS_041,Hussain Sagar Surplus & Ashok Nagar,84.71,15.29,0.785,21.47,3.53,3.5
2020,J_HUS_041,Hussain Sagar Surplus & Ashok Nagar,86.11,13.89,0.796,20.42,3.39,3.5
2021,J_HUS_041,Hussain Sagar Surplus & Ashok Nagar,87.27,12.73,0.804,19.55,3.27,3.5
2022,J_HUS_041,Hussain Sagar Surplus & Ashok Nagar,88.18,11.82,0.811,18.87,3.18,3.5
2023,J_HUS_041,Hussain Sagar Surplus & Ashok Nagar,88.87,11.13,0.816,18.35,3.11,3.5
2024,J_HUS_041,Hussain Sagar Surplus & Ashok Nagar,89.37,10.63,0.82,17.98,3.06,3.5
2025,J_HUS_041,Hussain Sagar Surplus & Ashok Nagar,89.72,10.28,0.823,17.71,3.03,3.5
2010,J_HUS_042,Hussain Sagar Surplus & Ashok Nagar,71.8,28.2,0.689,31.15,4.82,3.5
2011,J_HUS_042,Hussain Sagar Surplus & Ashok Nagar,72.18,27.82,0.691,30.87,4.78,3.5
2012,J_HUS_042,Hussain Sagar Surplus & Ashok Nagar,72.71,27.29,0.695,30.47,4.73,3.5
2013,J_HUS_042,Hussain Sagar Surplus & Ashok Nagar,73.43,26.57,0.701,29.92,4.66,3.5
2014,J_HUS_042,Hussain Sagar Surplus & Ashok Nagar,74.4,25.6,0.708,29.2,4.56,3.5
2015,J_HUS_042,Hussain Sagar Surplus & Ashok Nagar,75.63,24.37,0.717,28.28,4.44,3.5
2016,J_HUS_042,Hussain Sagar Surplus & Ashok Nagar,77.1,22.9,0.728,27.17,4.29,3.5
2017,J_HUS_042,Hussain Sagar Surplus & Ashok Nagar,78.76,21.24,0.741,25.93,4.12,3.5
2018,J_HUS_042,Hussain Sagar Surplus & Ashok Nagar,80.48,19.52,0.754,24.64,3.95,3.5
2019,J_HUS_042,Hussain Sagar Surplus & Ashok Nagar,82.14,17.86,0.766,23.4,3.79,3.5
2020,J_HUS_042,Hussain Sagar Surplus & Ashok Nagar,83.61,16.39,0.777,22.29,3.64,3.5
2021,J_HUS_042,Hussain Sagar Surplus & Ashok Nagar,84.84,15.16,0.786,21.37,3.52,3.5
2022,J_HUS_042,Hussain Sagar Surplus & Ashok Nagar,85.8,14.2,0.794,20.65,3.42,3.5
2023,J_HUS_042,Hussain Sagar Surplus & Ashok Nagar,86.53,13.47,0.799,20.1,3.35,3.5
2024,J_HUS_042,Hussain Sagar Surplus & Ashok Nagar,87.06,12.94,0.803,19.7,3.29,3.5
2025,J_HUS_042,Hussain Sagar Surplus & Ashok Nagar,87.44,12.56,0.806,19.42,3.26,3.5
2010,J_HUS_043,Hussain Sagar Surplus & Ashok Nagar,71.74,28.26,0.688,31.19,4.83,3.5
2011,J_HUS_043,Hussain Sagar Surplus & Ashok Nagar,72.14,27.86,0.691,30.89,4.79,3.5
2012,J_HUS_043,Hussain Sagar Surplus & Ashok Nagar,72.7,27.3,0.695,30.47,4.73,3.5
2013,J_HUS_043,Hussain Sagar Surplus & Ashok Nagar,73.48,26.52,0.701,29.89,4.65,3.5
2014,J_HUS_043,Hussain Sagar Surplus & Ashok Nagar,74.51,25.49,0.709,29.12,4.55,3.5
2015,J_HUS_043,Hussain Sagar Surplus & Ashok Nagar,75.82,24.18,0.719,28.13,4.42,3.5
2016,J_HUS_043,Hussain Sagar Surplus & Ashok Nagar,77.4,22.6,0.73,26.95,4.26,3.5
2017,J_HUS_043,Hussain Sagar Surplus & Ashok Nagar,79.16,20.84,0.744,25.63,4.08,3.5
2018,J_HUS_043,Hussain Sagar Surplus & Ashok Nagar,81.0,19.0,0.758,24.25,3.9,3.5
2019,J_HUS_043,Hussain Sagar Surplus & Ashok Nagar,82.77,17.23,0.771,22.92,3.72,3.5
2020,J_HUS_043,Hussain Sagar Surplus & Ashok Nagar,84.34,15.66,0.783,21.74,3.57,3.5
2021,J_HUS_043,Hussain Sagar Surplus & Ashok Nagar,85.65,14.35,0.792,20.76,3.43,3.5
2022,J_HUS_043,Hussain Sagar Surplus & Ashok Nagar,86.69,13.31,0.8,19.99,3.33,3.5
2023,J_HUS_043,Hussain Sagar Surplus & Ashok Nagar,87.46,12.54,0.806,19.4,3.25,3.5
2024,J_HUS_043,Hussain Sagar Surplus & Ashok Nagar,88.03,11.97,0.81,18.98,3.2,3.5
2025,J_HUS_043,Hussain Sagar Surplus & Ashok Nagar,88.43,11.57,0.813,18.68,3.16,3.5
2010,J_HUS_044,Hussain Sagar Surplus & Ashok Nagar,74.19,25.81,0.706,29.36,4.58,3.5
2011,J_HUS_044,Hussain Sagar Surplus & Ashok Nagar,74.56,25.44,0.709,29.08,4.54,3.5
2012,J_HUS_044,Hussain Sagar Surplus & Ashok Nagar,75.09,24.91,0.713,28.68,4.49,3.5
2013,J_HUS_044,Hussain Sagar Surplus & Ashok Nagar,75.81,24.19,0.719,28.14,4.42,3.5
2014,J_HUS_044,Hussain Sagar Surplus & Ashok Nagar,76.77,23.23,0.726,27.42,4.32,3.5
2015,J_HUS_044,Hussain Sagar Surplus & Ashok Nagar,78.0,22.0,0.735,26.5,4.2,3.5
2016,J_HUS_044,Hussain Sagar Surplus & Ashok Nagar,79.46,20.54,0.746,25.4,4.05,3.5
2017,J_HUS_044,Hussain Sagar Surplus & Ashok Nagar,81.11,18.89,0.758,24.17,3.89,3.5
2018,J_HUS_044,Hussain Sagar Surplus & Ashok Nagar,82.82,17.18,0.771,22.89,3.72,3.5
2019,J_HUS_044,Hussain Sagar Surplus & Ashok Nagar,84.47,15.53,0.783,21.65,3.55,3.5
2020,J_HUS_044,Hussain Sagar Surplus & Ashok Nagar,85.93,14.07,0.794,20.55,3.41,3.5
2021,J_HUS_044,Hussain Sagar Surplus & Ashok Nagar,87.15,12.85,0.804,19.64,3.28,3.5
2022,J_HUS_044,Hussain Sagar Surplus & Ashok Nagar,88.11,11.89,0.811,18.91,3.19,3.5
2023,J_HUS_044,Hussain Sagar Surplus & Ashok Nagar,88.84,11.16,0.816,18.37,3.12,3.5
2024,J_HUS_044,Hussain Sagar Surplus & Ashok Nagar,89.36,10.64,0.82,17.98,3.06,3.5
2025,J_HUS_044,Hussain Sagar Surplus & Ashok Nagar,89.74,10.26,0.823,17.7,3.03,3.5
2010,J_HUS_045,Hussain Sagar Surplus & Ashok Nagar,75.06,24.94,0.713,28.7,4.49,3.5
2011,J_HUS_045,Hussain Sagar Surplus & Ashok Nagar,75.4,24.6,0.715,28.45,4.46,3.5
2012,J_HUS_045,Hussain Sagar Surplus & Ashok Nagar,75.88,24.12,0.719,28.09,4.41,3.5
2013,J_HUS_045,Hussain Sagar Surplus & Ashok Nagar,76.53,23.47,0.724,27.6,4.35,3.5
2014,J_HUS_045,Hussain Sagar Surplus & Ashok Nagar,77.4,22.6,0.731,26.95,4.26,3.5
2015,J_HUS_045,Hussain Sagar Surplus & Ashok Nagar,78.51,21.49,0.739,26.12,4.15,3.5
2016,J_HUS_045,Hussain Sagar Surplus & Ashok Nagar,79.84,20.16,0.749,25.12,4.02,3.5
2017,J_HUS_045,Hussain Sagar Surplus & Ashok Nagar,81.33,18.67,0.76,24.0,3.87,3.5
2018,J_HUS_045,Hussain Sagar Surplus & Ashok Nagar,82.88,17.12,0.772,22.84,3.71,3.5
2019,J_HUS_045,Hussain Sagar Surplus & Ashok Nagar,84.37,15.63,0.783,21.72,3.56,3.5
2020,J_HUS_045,Hussain Sagar Surplus & Ashok Nagar,85.7,14.3,0.793,20.72,3.43,3.5
2021,J_HUS_045,Hussain Sagar Surplus & Ashok Nagar,86.81,13.19,0.801,19.89,3.32,3.5
2022,J_HUS_045,Hussain Sagar Surplus & Ashok Nagar,87.68,12.32,0.808,19.24,3.23,3.5
2023,J_HUS_045,Hussain Sagar Surplus & Ashok Nagar,88.34,11.66,0.813,18.75,3.17,3.5
2024,J_HUS_045,Hussain Sagar Surplus & Ashok Nagar,88.81,11.19,0.816,18.39,3.12,3.5
2025,J_HUS_045,Hussain Sagar Surplus & Ashok Nagar,89.15,10.85,0.819,18.14,3.08,3.5
2010,J_MUR_046,Murki Nala & Old City Zone,76.39,23.61,0.723,27.71,4.36,3.5
2011,J_MUR_046,Murki Nala & Old City Zone,76.69,23.31,0.725,27.48,4.33,3.5
2012,J_MUR_046,Murki Nala & Old City Zone,77.13,22.87,0.728,27.15,4.29,3.5
2013,J_MUR_046,Murki Nala & Old City Zone,77.72,22.28,0.733,26.71,4.23,3.5
2014,J_MUR_046,Murki Nala & Old City Zone,78.51,21.49,0.739,26.11,4.15,3.5
2015,J_MUR_046,Murki Nala & Old City Zone,79.52,20.48,0.746,25.36,4.05,3.5
2016,J_MUR_046,Murki Nala & Old City Zone,80.73,19.27,0.755,24.46,3.93,3.5
2017,J_MUR_046,Murki Nala & Old City Zone,82.08,17.92,0.766,23.44,3.79,3.5
2018,J_MUR_046,Murki Nala & Old City Zone,83.49,16.51,0.776,22.38,3.65,3.5
2019,J_MUR_046,Murki Nala & Old City Zone,84.84,15.16,0.786,21.37,3.52,3.5
2020,J_MUR_046,Murki Nala & Old City Zone,86.05,13.95,0.795,20.46,3.39,3.5
2021,J_MUR_046,Murki Nala & Old City Zone,87.06,12.94,0.803,19.71,3.29,3.5
2022,J_MUR_046,Murki Nala & Old City Zone,87.85,12.15,0.809,19.11,3.22,3.5
2023,J_MUR_046,Murki Nala & Old City Zone,88.44,11.56,0.813,18.67,3.16,3.5
2024,J_MUR_046,Murki Nala & Old City Zone,88.88,11.12,0.817,18.34,3.11,3.5
2025,J_MUR_046,Murki Nala & Old City Zone,89.18,10.82,0.819,18.11,3.08,3.5
2010,J_MUR_047,Murki Nala & Old City Zone,80.02,19.98,0.75,24.98,4.0,3.5
2011,J_MUR_047,Murki Nala & Old City Zone,80.23,19.77,0.752,24.82,3.98,3.5
2012,J_MUR_047,Murki Nala & Old City Zone,80.53,19.47,0.754,24.6,3.95,3.5
2013,J_MUR_047,Murki Nala & Old City Zone,80.94,19.06,0.757,24.3,3.91,3.5
2014,J_MUR_047,Murki Nala & Old City Zone,81.48,18.52,0.761,23.89,3.85,3.5
2015,J_MUR_047,Murki Nala & Old City Zone,82.17,17.83,0.766,23.37,3.78,3.5
2016,J_MUR_047,Murki Nala & Old City Zone,82.99,17.01,0.772,22.75,3.7,3.5
2017,J_MUR_047,Murki Nala & Old City Zone,83.92,16.08,0.779,22.06,3.61,3.5
2018,J_MUR_047,Murki Nala & Old City Zone,84.89,15.11,0.787,21.33,3.51,3.5
2019,J_MUR_047,Murki Nala & Old City Zone,85.81,14.19,0.794,20.64,3.42,3.5
2020,J_MUR_047,Murki Nala & Old City Zone,86.64,13.36,0.8,20.02,3.34,3.5
2021,J_MUR_047,Murki Nala & Old City Zone,87.33,12.67,0.805,19.5,3.27,3.5
2022,J_MUR_047,Murki Nala & Old City Zone,87.87,12.13,0.809,19.1,3.21,3.5
2023,J_MUR_047,Murki Nala & Old City Zone,88.28,11.72,0.812,18.79,3.17,3.5
2024,J_MUR_047,Murki Nala & Old City Zone,88.58,11.42,0.814,18.57,3.14,3.5
2025,J_MUR_047,Murki Nala & Old City Zone,88.79,11.21,0.816,18.41,3.12,3.5
2010,J_MUR_048,Murki Nala & Old City Zone,80.07,19.93,0.751,24.95,3.99,3.5
2011,J_MUR_048,Murki Nala & Old City Zone,80.27,19.73,0.752,24.8,3.97,3.5
2012,J_MUR_048,Murki Nala & Old City Zone,80.56,19.44,0.754,24.58,3.94,3.5
2013,J_MUR_048,Murki Nala & Old City Zone,80.95,19.05,0.757,24.29,3.9,3.5
2014,J_MUR_048,Murki Nala & Old City Zone,81.48,18.52,0.761,23.89,3.85,3.5
2015,J_MUR_048,Murki Nala & Old City Zone,82.14,17.86,0.766,23.39,3.79,3.5
2016,J_MUR_048,Murki Nala & Old City Zone,82.94,17.06,0.772,22.8,3.71,3.5
2017,J_MUR_048,Murki Nala & Old City Zone,83.83,16.17,0.779,22.12,3.62,3.5
2018,J_MUR_048,Murki Nala & Old City Zone,84.77,15.23,0.786,21.43,3.52,3.5
2019,J_MUR_048,Murki Nala & Old City Zone,85.66,14.34,0.792,20.75,3.43,3.5
2020,J_MUR_048,Murki Nala & Old City Zone,86.46,13.54,0.798,20.15,3.35,3.5
2021,J_MUR_048,Murki Nala & Old City Zone,87.13,12.87,0.803,19.66,3.29,3.5
2022,J_MUR_048,Murki Nala & Old City Zone,87.65,12.35,0.807,19.26,3.24,3.5
2023,J_MUR_048,Murki Nala & Old City Zone,88.04,11.96,0.81,18.97,3.2,3.5
2024,J_MUR_048,Murki Nala & Old City Zone,88.33,11.67,0.812,18.75,3.17,3.5
2025,J_MUR_048,Murki Nala & Old City Zone,88.53,11.47,0.814,18.6,3.15,3.5
2010,J_MUR_049,Murki Nala & Old City Zone,78.64,21.36,0.74,26.02,4.14,3.5
2011,J_MUR_049,Murki Nala & Old City Zone,78.87,21.13,0.742,25.85,4.11,3.5
2012,J_MUR_049,Murki Nala & Old City Zone,79.19,20.81,0.744,25.61,4.08,3.5
2013,J_MUR_049,Murki Nala & Old City Zone,79.64,20.36,0.747,25.27,4.04,3.5
2014,J_MUR_049,Murki Nala & Old City Zone,80.23,19.77,0.752,24.83,3.98,3.5
2015,J_MUR_049,Murki Nala & Old City Zone,80.98,19.02,0.757,24.26,3.9,3.5
2016,J_MUR_049,Murki Nala & Old City Zone,81.88,18.12,0.764,23.59,3.81,3.5
2017,J_MUR_049,Murki Nala & Old City Zone,82.9,17.1,0.772,22.83,3.71,3.5
2018,J_MUR_049,Murki Nala & Old City Zone,83.95,16.05,0.78,22.04,3.6,3.5
2019,J_MUR_049,Murki Nala & Old City Zone,84.96,15.04,0.787,21.28,3.5,3.5
2020,J_MUR_049,Murki Nala & Old City Zone,85.87,14.13,0.794,20.6,3.41,3.5
2021,J_MUR_049,Murki Nala & Old City Zone,86.62,13.38,0.8,20.04,3.34,3.5
2022,J_MUR_049,Murki Nala & Old City Zone,87.21,12.79,0.804,19.59,3.28,3.5
2023,J_MUR_049,Murki Nala & Old City Zone,87.66,12.34,0.807,19.26,3.23,3.5
2024,J_MUR_049,Murki Nala & Old City Zone,87.98,12.02,0.81,19.02,3.2,3.5
2025,J_MUR_049,Murki Nala & Old City Zone,88.21,11.79,0.812,18.84,3.18,3.5
2010,J_MUR_050,Murki Nala & Old City Zone,75.73,24.27,0.718,28.2,4.43,3.5
2011,J_MUR_050,Murki Nala & Old City Zone,76.0,24.0,0.72,28.0,4.4,3.5
2012,J_MUR_050,Murki Nala & Old City Zone,76.38,23.62,0.723,27.72,4.36,3.5
2013,J_MUR_050,Murki Nala & Old City Zone,76.89,23.11,0.727,27.33,4.31,3.5
2014,J_MUR_050,Murki Nala & Old City Zone,77.58,22.42,0.732,26.81,4.24,3.5
2015,J_MUR_050,Murki Nala & Old City Zone,78.45,21.55,0.738,26.16,4.15,3.5
2016,J_MUR_050,Murki Nala & Old City Zone,79.5,20.5,0.746,25.37,4.05,3.5
2017,J_MUR_050,Murki Nala & Old City Zone,80.68,19.32,0.755,24.49,3.93,3.5
2018,J_MUR_050,Murki Nala & Old City Zone,81.9,18.1,0.764,23.57,3.81,3.5
2019,J_MUR_050,Murki Nala & Old City Zone,83.08,16.92,0.773,22.69,3.69,3.5
2020,J_MUR_050,Murki Nala & Old City Zone,84.13,15.87,0.781,21.9,3.59,3.5
2021,J_MUR_050,Murki Nala & Old City Zone,85.0,15.0,0.788,21.25,3.5,3.5
2022,J_MUR_050,Murki Nala & Old City Zone,85.69,14.31,0.793,20.73,3.43,3.5
2023,J_MUR_050,Murki Nala & Old City Zone,86.21,13.79,0.797,20.34,3.38,3.5
2024,J_MUR_050,Murki Nala & Old City Zone,86.58,13.42,0.799,20.06,3.34,3.5
2025,J_MUR_050,Murki Nala & Old City Zone,86.85,13.15,0.801,19.86,3.32,3.5
2010,J_MUR_051,Murki Nala & Old City Zone,75.87,24.13,0.719,28.1,4.41,3.5
2011,J_MUR_051,Murki Nala & Old City Zone,76.18,23.82,0.721,27.86,4.38,3.5
2012,J_MUR_051,Murki Nala & Old City Zone,76.62,23.38,0.725,27.53,4.34,3.5
2013,J_MUR_051,Murki Nala & Old City Zone,77.23,22.77,0.729,27.08,4.28,3.5
2014,J_MUR_051,Murki Nala & Old City Zone,78.03,21.97,0.735,26.48,4.2,3.5
2015,J_MUR_051,Murki Nala & Old City Zone,79.05,20.95,0.743,25.71,4.1,3.5
2016,J_MUR_051,Murki Nala & Old City Zone,80.28,19.72,0.752,24.79,3.97,3.5
2017,J_MUR_051,Murki Nala & Old City Zone,81.65,18.35,0.762,23.76,3.83,3.5
2018,J_MUR_051,Murki Nala & Old City Zone,83.08,16.92,0.773,22.69,3.69,3.5
2019,J_MUR_051,Murki Nala & Old City Zone,84.46,15.54,0.783,21.66,3.55,3.5
2020,J_MUR_051,Murki Nala & Old City Zone,85.68,14.32,0.793,20.74,3.43,3.5
2021,J_MUR_051,Murki Nala & Old City Zone,86.71,13.29,0.8,19.97,3.33,3.5
2022,J_MUR_051,Murki Nala & Old City Zone,87.51,12.49,0.806,19.37,3.25,3.5
2023,J_MUR_051,Murki Nala & Old City Zone,88.11,11.89,0.811,18.91,3.19,3.5
2024,J_MUR_051,Murki Nala & Old City Zone,88.55,11.45,0.814,18.59,3.14,3.5
2025,J_MUR_051,Murki Nala & Old City Zone,88.86,11.14,0.816,18.35,3.11,3.5
2010,J_MUR_052,Murki Nala & Old City Zone,77.46,22.54,0.731,26.9,4.25,3.5
2011,J_MUR_052,Murki Nala & Old City Zone,77.73,22.27,0.733,26.71,4.23,3.5
2012,J_MUR_052,Murki Nala & Old City Zone,78.1,21.9,0.736,26.43,4.19,3.5
2013,J_MUR_052,Murki Nala & Old City Zone,78.61,21.39,0.74,26.04,4.14,3.5
2014,J_MUR_052,Murki Nala & Old City Zone,79.29,20.71,0.745,25.53,4.07,3.5
2015,J_MUR_052,Murki Nala & Old City Zone,80.15,19.85,0.751,24.89,3.98,3.5
2016,J_MUR_052,Murki Nala & Old City Zone,81.19,18.81,0.759,24.11,3.88,3.5
2017,J_MUR_052,Murki Nala & Old City Zone,82.35,17.65,0.768,23.23,3.76,3.5
2018,J_MUR_052,Murki Nala & Old City Zone,83.57,16.43,0.777,22.33,3.64,3.5
2019,J_MUR_052,Murki Nala & Old City Zone,84.73,15.27,0.785,21.45,3.53,3.5
2020,J_MUR_052,Murki Nala & Old City Zone,85.77,14.23,0.793,20.67,3.42,3.5
2021,J_MUR_052,Murki Nala & Old City Zone,86.63,13.37,0.8,20.03,3.34,3.5
2022,J_MUR_052,Murki Nala & Old City Zone,87.31,12.69,0.805,19.52,3.27,3.5
2023,J_MUR_052,Murki Nala & Old City Zone,87.82,12.18,0.809,19.13,3.22,3.5
2024,J_MUR_052,Murki Nala & Old City Zone,88.19,11.81,0.811,18.85,3.18,3.5
2025,J_MUR_052,Murki Nala & Old City Zone,88.46,11.54,0.813,18.66,3.15,3.5
2010,J_MUR_053,Murki Nala & Old City Zone,80.8,19.2,0.756,24.4,3.92,3.5
2011,J_MUR_053,Murki Nala & Old City Zone,80.97,19.03,0.757,24.27,3.9,3.5
2012,J_MUR_053,Murki Nala & Old City Zone,81.2,18.8,0.759,24.1,3.88,3.5
2013,J_MUR_053,Murki Nala & Old City Zone,81.52,18.48,0.761,23.86,3.85,3.5
2014,J_MUR_053,Murki Nala & Old City Zone,81.94,18.06,0.765,23.55,3.81,3.5
2015,J_MUR_053,Murki Nala & Old City Zone,82.48,17.52,0.769,23.14,3.75,3.5
2016,J_MUR_053,Murki Nala & Old City Zone,83.12,16.88,0.773,22.66,3.69,3.5
2017,J_MUR_053,Murki Nala & Old City Zone,83.84,16.16,0.779,22.12,3.62,3.5
2018,J_MUR_053,Murki Nala & Old City Zone,84.6,15.4,0.784,21.55,3.54,3.5
2019,J_MUR_053,Murki Nala & Old City Zone,85.32,14.68,0.79,21.01,3.47,3.5
2020,J_MUR_053,Murki Nala & Old City Zone,85.97,14.03,0.795,20.53,3.4,3.5
2021,J_MUR_053,Murki Nala & Old City Zone,86.5,13.5,0.799,20.12,3.35,3.5
2022,J_MUR_053,Murki Nala & Old City Zone,86.93,13.07,0.802,19.81,3.31,3.5
2023,J_MUR_053,Murki Nala & Old City Zone,87.24,12.76,0.804,19.57,3.28,3.5
2024,J_MUR_053,Murki Nala & Old City Zone,87.48,12.52,0.806,19.39,3.25,3.5
2025,J_MUR_053,Murki Nala & Old City Zone,87.64,12.36,0.807,19.27,3.24,3.5
2010,J_MUR_054,Murki Nala & Old City Zone,78.06,21.94,0.735,26.46,4.19,3.5
2011,J_MUR_054,Murki Nala & Old City Zone,78.33,21.67,0.737,26.25,4.17,3.5
2012,J_MUR_054,Murki Nala & Old City Zone,78.72,21.28,0.74,25.96,4.13,3.5
2013,J_MUR_054,Murki Nala & Old City Zone,79.24,20.76,0.744,25.57,4.08,3.5
2014,J_MUR_054,Murki Nala & Old City Zone,79.95,20.05,0.75,25.04,4.01,3.5
2015,J_MUR_054,Murki Nala & Old City Zone,80.84,19.16,0.756,24.37,3.92,3.5
2016,J_MUR_054,Murki Nala & Old City Zone,81.91,18.09,0.764,23.57,3.81,3.5
2017,J_MUR_054,Murki Nala & Old City Zone,83.12,16.88,0.773,22.66,3.69,3.5
2018,J_MUR_054,Murki Nala & Old City Zone,84.37,15.63,0.783,21.72,3.56,3.5
2019,J_MUR_054,Murki Nala & Old City Zone,85.57,14.43,0.792,20.82,3.44,3.5
2020,J_MUR_054,Murki Nala & Old City Zone,86.64,13.36,0.8,20.02,3.34,3.5
2021,J_MUR_054,Murki Nala & Old City Zone,87.54,12.46,0.807,19.35,3.25,3.5
2022,J_MUR_054,Murki Nala & Old City Zone,88.24,11.76,0.812,18.82,3.18,3.5
2023,J_MUR_054,Murki Nala & Old City Zone,88.77,11.23,0.816,18.42,3.12,3.5
2024,J_MUR_054,Murki Nala & Old City Zone,89.15,10.85,0.819,18.13,3.08,3.5
2025,J_MUR_054,Murki Nala & Old City Zone,89.43,10.57,0.821,17.93,3.06,3.5
2010,J_MUR_055,Murki Nala & Old City Zone,76.89,23.11,0.727,27.33,4.31,3.5
2011,J_MUR_055,Murki Nala & Old City Zone,77.13,22.87,0.728,27.15,4.29,3.5
2012,J_MUR_055,Murki Nala & Old City Zone,77.46,22.54,0.731,26.9,4.25,3.5
2013,J_MUR_055,Murki Nala & Old City Zone,77.92,22.08,0.734,26.56,4.21,3.5
2014,J_MUR_055,Murki Nala & Old City Zone,78.54,21.46,0.739,26.1,4.15,3.5
2015,J_MUR_055,Murki Nala & Old City Zone,79.31,20.69,0.745,25.51,4.07,3.5
2016,J_MUR_055,Murki Nala & Old City Zone,80.25,19.75,0.752,24.81,3.98,3.5
2017,J_MUR_055,Murki Nala & Old City Zone,81.3,18.7,0.76,24.03,3.87,3.5
2018,J_MUR_055,Murki Nala & Old City Zone,82.39,17.61,0.768,23.21,3.76,3.5
2019,J_MUR_055,Murki Nala & Old City Zone,83.43,16.57,0.776,22.43,3.66,3.5
2020,J_MUR_055,Murki Nala & Old City Zone,84.37,15.63,0.783,21.72,3.56,3.5
2021,J_MUR_055,Murki Nala & Old City Zone,85.14,14.86,0.789,21.14,3.49,3.5
2022,J_MUR_055,Murki Nala & Old City Zone,85.76,14.24,0.793,20.68,3.42,3.5
2023,J_MUR_055,Murki Nala & Old City Zone,86.22,13.78,0.797,20.34,3.38,3.5
2024,J_MUR_055,Murki Nala & Old City Zone,86.55,13.45,0.799,20.09,3.34,3.5
2025,J_MUR_055,Murki Nala & Old City Zone,86.79,13.21,0.801,19.91,3.32,3.5
2010,J_MUR_056,Murki Nala & Old City Zone,77.26,22.74,0.729,27.06,4.27,3.5
2011,J_MUR_056,Murki Nala & Old City Zone,77.49,22.51,0.731,26.88,4.25,3.5
2012,J_MUR_056,Murki Nala & Old City Zone,77.83,22.17,0.734,26.63,4.22,3.5
2013,J_MUR_056,Murki Nala & Old City Zone,78.29,21.71,0.737,26.29,4.17,3.5
2014,J_MUR_056,Murki Nala & Old City Zone,78.9,21.1,0.742,25.83,4.11,3.5
2015,J_MUR_056,Murki Nala & Old City Zone,79.67,20.33,0.748,25.25,4.03,3.5
2016,J_MUR_056,Murki Nala & Old City Zone,80.6,19.4,0.755,24.55,3.94,3.5
2017,J_MUR_056,Murki Nala & Old City Zone,81.65,18.35,0.762,23.76,3.84,3.5
2018,J_MUR_056,Murki Nala & Old City Zone,82.74,17.26,0.771,22.95,3.73,3.5
2019,J_MUR_056,Murki Nala & Old City Zone,83.78,16.22,0.778,22.16,3.62,3.5
2020,J_MUR_056,Murki Nala & Old City Zone,84.71,15.29,0.785,21.47,3.53,3.5
2021,J_MUR_056,Murki Nala & Old City Zone,85.49,14.51,0.791,20.88,3.45,3.5
2022,J_MUR_056,Murki Nala & Old City Zone,86.1,13.9,0.796,20.43,3.39,3.5
2023,J_MUR_056,Murki Nala & Old City Zone,86.56,13.44,0.799,20.08,3.34,3.5
2024,J_MUR_056,Murki Nala & Old City Zone,86.89,13.11,0.802,19.83,3.31,3.5
2025,J_MUR_056,Murki Nala & Old City Zone,87.13,12.87,0.803,19.65,3.29,3.5
2010,J_MUR_057,Murki Nala & Old City Zone,81.04,18.96,0.758,24.22,3.9,3.5
2011,J_MUR_057,Murki Nala & Old City Zone,81.25,18.75,0.759,24.07,3.88,3.5
2012,J_MUR_057,Murki Nala & Old City Zone,81.54,18.46,0.762,23.84,3.85,3.5
2013,J_MUR_057,Murki Nala & Old City Zone,81.95,18.05,0.765,23.54,3.81,3.5
2014,J_MUR_057,Murki Nala & Old City Zone,82.49,17.51,0.769,23.13,3.75,3.5
2015,J_MUR_057,Murki Nala & Old City Zone,83.17,16.83,0.774,22.62,3.68,3.5
2016,J_MUR_057,Murki Nala & Old City Zone,84.0,16.0,0.78,22.0,3.6,3.5
2017,J_MUR_057,Murki Nala & Old City Zone,84.92,15.08,0.787,21.31,3.51,3.5
2018,J_MUR_057,Murki Nala & Old City Zone,85.89,14.11,0.794,20.59,3.41,3.5
2019,J_MUR_057,Murki Nala & Old City Zone,86.81,13.19,0.801,19.89,3.32,3.5
2020,J_MUR_057,Murki Nala & Old City Zone,87.64,12.36,0.807,19.27,3.24,3.5
2021,J_MUR_057,Murki Nala & Old City Zone,88.32,11.68,0.812,18.76,3.17,3.5
2022,J_MUR_057,Murki Nala & Old City Zone,88.86,11.14,0.816,18.35,3.11,3.5
2023,J_MUR_057,Murki Nala & Old City Zone,89.27,10.73,0.82,18.05,3.07,3.5
2024,J_MUR_057,Murki Nala & Old City Zone,89.56,10.44,0.822,17.83,3.04,3.5
2025,J_MUR_057,Murki Nala & Old City Zone,89.77,10.23,0.823,17.67,3.02,3.5
2010,J_MUR_058,Murki Nala & Old City Zone,79.35,20.65,0.745,25.48,4.06,3.5
2011,J_MUR_058,Murki Nala & Old City Zone,79.61,20.39,0.747,25.29,4.04,3.5
2012,J_MUR_058,Murki Nala & Old City Zone,79.97,20.03,0.75,25.03,4.0,3.5
2013,J_MUR_058,Murki Nala & Old City Zone,80.46,19.54,0.753,24.66,3.95,3.5
2014,J_MUR_058,Murki Nala & Old City Zone,81.11,18.89,0.758,24.17,3.89,3.5
2015,J_MUR_058,Murki Nala & Old City Zone,81.94,18.06,0.765,23.54,3.81,3.5
2016,J_MUR_058,Murki Nala & Old City Zone,82.94,17.06,0.772,22.79,3.71,3.5
2017,J_MUR_058,Murki Nala & Old City Zone,84.06,15.94,0.78,21.95,3.59,3.5
2018,J_MUR_058,Murki Nala & Old City Zone,85.23,14.77,0.789,21.08,3.48,3.5
2019,J_MUR_058,Murki Nala & Old City Zone,86.35,13.65,0.798,20.24,3.37,3.5
2020,J_MUR_058,Murki Nala & Old City Zone,87.34,12.66,0.805,19.49,3.27,3.5
2021,J_MUR_058,Murki Nala & Old City Zone,88.17,11.83,0.811,18.87,3.18,3.5
2022,J_MUR_058,Murki Nala & Old City Zone,88.83,11.17,0.816,18.38,3.12,3.5
2023,J_MUR_058,Murki Nala & Old City Zone,89.32,10.68,0.82,18.01,3.07,3.5
2024,J_MUR_058,Murki Nala & Old City Zone,89.68,10.32,0.823,17.74,3.03,3.5
2025,J_MUR_058,Murki Nala & Old City Zone,89.93,10.07,0.824,17.55,3.01,3.5
2010,J_MUR_059,Murki Nala & Old City Zone,80.2,19.8,0.751,24.85,3.98,3.5
2011,J_MUR_059,Murki Nala & Old City Zone,80.37,19.63,0.753,24.72,3.96,3.5
2012,J_MUR_059,Murki Nala & Old City Zone,80.61,19.39,0.755,24.54,3.94,3.5
2013,J_MUR_059,Murki Nala & Old City Zone,80.95,19.05,0.757,24.29,3.91,3.5
2014,J_MUR_059,Murki Nala & Old City Zone,81.39,18.61,0.76,23.96,3.86,3.5
2015,J_MUR_059,Murki Nala & Old City Zone,81.95,18.05,0.765,23.54,3.8,3.5
2016,J_MUR_059,Murki Nala & Old City Zone,82.63,17.37,0.77,23.03,3.74,3.5
2017,J_MUR_059,Murki Nala & Old City Zone,83.39,16.61,0.775,22.46,3.66,3.5
2018,J_MUR_059,Murki Nala & Old City Zone,84.18,15.82,0.781,21.87,3.58,3.5
2019,J_MUR_059,Murki Nala & Old City Zone,84.94,15.06,0.787,21.3,3.51,3.5
2020,J_MUR_059,Murki Nala & Old City Zone,85.62,14.38,0.792,20.79,3.44,3.5
2021,J_MUR_059,Murki Nala & Old City Zone,86.18,13.82,0.796,20.37,3.38,3.5
2022,J_MUR_059,Murki Nala & Old City Zone,86.62,13.38,0.8,20.03,3.34,3.5
2023,J_MUR_059,Murki Nala & Old City Zone,86.96,13.04,0.802,19.78,3.3,3.5
2024,J_MUR_059,Murki Nala & Old City Zone,87.2,12.8,0.804,19.6,3.28,3.5
2025,J_MUR_059,Murki Nala & Old City Zone,87.37,12.63,0.805,19.47,3.26,3.5
2010,J_MUR_060,Murki Nala & Old City Zone,80.77,19.23,0.756,24.42,3.92,3.5
2011,J_MUR_060,Murki Nala & Old City Zone,80.96,19.04,0.757,24.28,3.9,3.5
2012,J_MUR_060,Murki Nala & Old City Zone,81.23,18.77,0.759,24.07,3.88,3.5
2013,J_MUR_060,Murki Nala & Old City Zone,81.6,18.4,0.762,23.8,3.84,3.5
2014,J_MUR_060,Murki Nala & Old City Zone,82.1,17.9,0.766,23.43,3.79,3.5
2015,J_MUR_060,Murki Nala & Old City Zone,82.72,17.28,0.77,22.96,3.73,3.5
2016,J_MUR_060,Murki Nala & Old City Zone,83.47,16.53,0.776,22.39,3.65,3.5
2017,J_MUR_060,Murki Nala & Old City Zone,84.32,15.68,0.782,21.76,3.57,3.5
2018,J_MUR_060,Murki Nala & Old City Zone,85.2,14.8,0.789,21.1,3.48,3.5
2019,J_MUR_060,Murki Nala & Old City Zone,86.04,13.96,0.795,20.47,3.4,3.5
2020,J_MUR_060,Murki Nala & Old City Zone,86.79,13.21,0.801,19.91,3.32,3.5
2021,J_MUR_060,Murki Nala & Old City Zone,87.42,12.58,0.806,19.44,3.26,3.5
2022,J_MUR_060,Murki Nala & Old City Zone,87.91,12.09,0.809,19.07,3.21,3.5
2023,J_MUR_060,Murki Nala & Old City Zone,88.28,11.72,0.812,18.79,3.17,3.5
2024,J_MUR_060,Murki Nala & Old City Zone,88.55,11.45,0.814,18.59,3.15,3.5
2025,J_MUR_060,Murki Nala & Old City Zone,88.74,11.26,0.816,18.45,3.13,3.5
2010,J_CYB_061,Cyberabad - Hitec City Zone,45.92,54.08,0.494,50.56,7.41,3.5
2011,J_CYB_061,Cyberabad - Hitec City Zone,46.87,53.13,0.502,49.85,7.31,3.5
2012,J_CYB_061,Cyberabad - Hitec City Zone,48.21,51.79,0.512,48.84,7.18,3.5
2013,J_CYB_061,Cyberabad - Hitec City Zone,50.05,49.95,0.525,47.46,7.0,3.5
2014,J_CYB_061,Cyberabad - Hitec City Zone,52.5,47.5,0.544,45.63,6.75,3.5
2015,J_CYB_061,Cyberabad - Hitec City Zone,55.61,44.39,0.567,43.29,6.44,3.5
2016,J_CYB_061,Cyberabad - Hitec City Zone,59.34,40.66,0.595,40.49,6.07,3.5
2017,J_CYB_061,Cyberabad - Hitec City Zone,63.53,36.47,0.627,37.35,5.65,3.5
2018,J_CYB_061,Cyberabad - Hitec City Zone,67.89,32.11,0.659,34.08,5.21,3.5
2019,J_CYB_061,Cyberabad - Hitec City Zone,72.09,27.91,0.691,30.94,4.79,3.5
2020,J_CYB_061,Cyberabad - Hitec City Zone,75.82,24.18,0.719,28.13,4.42,3.5
2021,J_CYB_061,Cyberabad - Hitec City Zone,78.93,21.07,0.742,25.8,4.11,3.5
2022,J_CYB_061,Cyberabad - Hitec City Zone,81.38,18.62,0.76,23.97,3.86,3.5
2023,J_CYB_061,Cyberabad - Hitec City Zone,83.22,16.78,0.774,22.58,3.68,3.5
2024,J_CYB_061,Cyberabad - Hitec City Zone,84.56,15.44,0.784,21.58,3.54,3.5
2025,J_CYB_061,Cyberabad - Hitec City Zone,85.51,14.49,0.791,20.87,3.45,3.5
2010,J_CYB_062,Cyberabad - Hitec City Zone,42.97,57.03,0.472,52.77,7.7,3.5
2011,J_CYB_062,Cyberabad - Hitec City Zone,43.92,56.08,0.479,52.06,7.61,3.5
2012,J_CYB_062,Cyberabad - Hitec City Zone,45.25,54.75,0.489,51.06,7.47,3.5
2013,J_CYB_062,Cyberabad - Hitec City Zone,47.08,52.92,0.503,49.69,7.29,3.5
2014,J_CYB_062,Cyberabad - Hitec City Zone,49.52,50.48,0.521,47.86,7.05,3.5
2015,J_CYB_062,Cyberabad - Hitec City Zone,52.62,47.38,0.545,45.54,6.74,3.5
2016,J_CYB_062,Cyberabad - Hitec City Zone,56.33,43.67,0.573,42.75,6.37,3.5
2017,J_CYB_062,Cyberabad - Hitec City Zone,60.5,39.5,0.604,39.62,5.95,3.5
2018,J_CYB_062,Cyberabad - Hitec City Zone,64.84,35.16,0.636,36.37,5.52,3.5
2019,J_CYB_062,Cyberabad - Hitec City Zone,69.01,30.99,0.668,33.24,5.1,3.5
2020,J_CYB_062,Cyberabad - Hitec City Zone,72.73,27.27,0.695,30.45,4.73,3.5
2021,J_CYB_062,Cyberabad - Hitec City Zone,75.83,24.17,0.719,28.13,4.42,3.5
2022,J_CYB_062,Cyberabad - Hitec City Zone,78.27,21.73,0.737,26.3,4.17,3.5
2023,J_CYB_062,Cyberabad - Hitec City Zone,80.1,19.9,0.751,24.93,3.99,3.5
2024,J_CYB_062,Cyberabad - Hitec City Zone,81.43,18.57,0.761,23.93,3.86,3.5
2025,J_CYB_062,Cyberabad - Hitec City Zone,82.38,17.62,0.768,23.22,3.76,3.5
2010,J_CYB_063,Cyberabad - Hitec City Zone,42.52,57.48,0.469,53.11,7.75,3.5
2011,J_CYB_063,Cyberabad - Hitec City Zone,43.5,56.5,0.476,52.37,7.65,3.5
2012,J_CYB_063,Cyberabad - Hitec City Zone,44.89,55.11,0.487,51.33,7.51,3.5
2013,J_CYB_063,Cyberabad - Hitec City Zone,46.8,53.2,0.501,49.9,7.32,3.5
2014,J_CYB_063,Cyberabad - Hitec City Zone,49.34,50.66,0.52,48.0,7.07,3.5
2015,J_CYB_063,Cyberabad - Hitec City Zone,52.56,47.44,0.544,45.58,6.74,3.5
2016,J_CYB_063,Cyberabad - Hitec City Zone,56.43,43.57,0.573,42.67,6.36,3.5
2017,J_CYB_063,Cyberabad - Hitec City Zone,60.78,39.22,0.606,39.42,5.92,3.5
2018,J_CYB_063,Cyberabad - Hitec City Zone,65.3,34.7,0.64,36.03,5.47,3.5
2019,J_CYB_063,Cyberabad - Hitec City Zone,69.64,30.36,0.672,32.77,5.04,3.5
2020,J_CYB_063,Cyberabad - Hitec City Zone,73.51,26.49,0.701,29.86,4.65,3.5
2021,J_CYB_063,Cyberabad - Hitec City Zone,76.74,23.26,0.726,27.45,4.33,3.5
2022,J_CYB_063,Cyberabad - Hitec City Zone,79.28,20.72,0.745,25.54,4.07,3.5
2023,J_CYB_063,Cyberabad - Hitec City Zone,81.19,18.81,0.759,24.11,3.88,3.5
2024,J_CYB_063,Cyberabad - Hitec City Zone,82.57,17.43,0.769,23.07,3.74,3.5
2025,J_CYB_063,Cyberabad - Hitec City Zone,83.56,16.44,0.777,22.33,3.64,3.5
2010,J_CYB_064,Cyberabad - Hitec City Zone,45.97,54.03,0.495,50.52,7.4,3.5
2011,J_CYB_064,Cyberabad - Hitec City Zone,46.92,53.08,0.502,49.81,7.31,3.5
2012,J_CYB_064,Cyberabad - Hitec City Zone,48.25,51.75,0.512,48.81,7.17,3.5
2013,J_CYB_064,Cyberabad - Hitec City Zone,50.08,49.92,0.526,47.44,6.99,3.5
2014,J_CYB_064,Cyberabad - Hitec City Zone,52.52,47.48,0.544,45.61,6.75,3.5
2015,J_CYB_064,Cyberabad - Hitec City Zone,55.62,44.38,0.567,43.29,6.44,3.5
2016,J_CYB_064,Cyberabad - Hitec City Zone,59.33,40.67,0.595,40.5,6.07,3.5
2017,J_CYB_064,Cyberabad - Hitec City Zone,63.51,36.49,0.626,37.37,5.65,3.5
2018,J_CYB_064,Cyberabad - Hitec City Zone,67.85,32.15,0.659,34.12,5.22,3.5
2019,J_CYB_064,Cyberabad - Hitec City Zone,72.02,27.98,0.69,30.99,4.8,3.5
2020,J_CYB_064,Cyberabad - Hitec City Zone,75.73,24.27,0.718,28.2,4.43,3.5
2021,J_CYB_064,Cyberabad - Hitec City Zone,78.83,21.17,0.741,25.88,4.12,3.5
2022,J_CYB_064,Cyberabad - Hitec City Zone,81.27,18.73,0.76,24.05,3.87,3.5
2023,J_CYB_064,Cyberabad - Hitec City Zone,83.1,16.9,0.773,22.67,3.69,3.5
2024,J_CYB_064,Cyberabad - Hitec City Zone,84.43,15.57,0.783,21.68,3.56,3.5
2025,J_CYB_064,Cyberabad - Hitec City Zone,85.38,14.62,0.79,20.97,3.46,3.5
2010,J_CYB_065,Cyberabad - Hitec City Zone,41.27,58.73,0.46,54.05,7.87,3.5
2011,J_CYB_065,Cyberabad - Hitec City Zone,42.29,57.71,0.467,53.28,7.77,3.5
2012,J_CYB_065,Cyberabad - Hitec City Zone,43.73,56.27,0.478,52.2,7.63,3.5
2013,J_CYB_065,Cyberabad - Hitec City Zone,45.71,54.29,0.493,50.72,7.43,3.5
2014,J_CYB_065,Cyberabad - Hitec City Zone,48.34,51.66,0.513,48.75,7.17,3.5
2015,J_CYB_065,Cyberabad - Hitec City Zone,51.68,48.32,0.538,46.24,6.83,3.5
2016,J_CYB_065,Cyberabad - Hitec City Zone,55.7,44.3,0.568,43.23,6.43,3.5
2017,J_CYB_065,Cyberabad - Hitec City Zone,60.2,39.8,0.602,39.85,5.98,3.5
2018,J_CYB_065,Cyberabad - Hitec City Zone,64.88,35.12,0.637,36.34,5.51,3.5
2019,J_CYB_065,Cyberabad - Hitec City Zone,69.39,30.61,0.67,32.96,5.06,3.5
2020,J_CYB_065,Cyberabad - Hitec City Zone,73.4,26.6,0.701,29.95,4.66,3.5
2021,J_CYB_065,Cyberabad - Hitec City Zone,76.75,23.25,0.726,27.44,4.33,3.5
2022,J_CYB_065,Cyberabad - Hitec City Zone,79.38,20.62,0.745,25.47,4.06,3.5
2023,J_CYB_065,Cyberabad - Hitec City Zone,81.35,18.65,0.76,23.98,3.86,3.5
2024,J_CYB_065,Cyberabad - Hitec City Zone,82.79,17.21,0.771,22.9,3.72,3.5
2025,J_CYB_065,Cyberabad - Hitec City Zone,83.81,16.19,0.779,22.14,3.62,3.5
2010,J_CYB_066,Cyberabad - Hitec City Zone,43.56,56.44,0.477,52.33,7.64,3.5
2011,J_CYB_066,Cyberabad - Hitec City Zone,44.5,55.5,0.484,51.62,7.55,3.5
2012,J_CYB_066,Cyberabad - Hitec City Zone,45.83,54.17,0.494,50.63,7.42,3.5
2013,J_CYB_066,Cyberabad - Hitec City Zone,47.66,52.34,0.507,49.26,7.23,3.5
2014,J_CYB_066,Cyberabad - Hitec City Zone,50.09,49.91,0.526,47.44,6.99,3.5
2015,J_CYB_066,Cyberabad - Hitec City Zone,53.17,46.83,0.549,45.12,6.68,3.5
2016,J_CYB_066,Cyberabad - Hitec City Zone,56.88,43.12,0.577,42.34,6.31,3.5
2017,J_CYB_066,Cyberabad - Hitec City Zone,61.03,38.97,0.608,39.22,5.9,3.5
2018,J_CYB_066,Cyberabad - Hitec City Zone,65.36,34.64,0.64,35.98,5.46,3.5
2019,J_CYB_066,Cyberabad - Hitec City Zone,69.52,30.48,0.671,32.86,5.05,3.5
2020,J_CYB_066,Cyberabad - Hitec City Zone,73.22,26.78,0.699,30.08,4.68,3.5
2021,J_CYB_066,Cyberabad - Hitec City Zone,76.31,23.69,0.722,27.77,4.37,3.5
2022,J_CYB_066,Cyberabad - Hitec City Zone,78.73,21.27,0.741,25.95,4.13,3.5
2023,J_CYB_066,Cyberabad - Hitec City Zone,80.56,19.44,0.754,24.58,3.94,3.5
2024,J_CYB_066,Cyberabad - Hitec City Zone,81.89,18.11,0.764,23.58,3.81,3.5
2025,J_CYB_066,Cyberabad - Hitec City Zone,82.83,17.17,0.771,22.88,3.72,3.5
2010,J_CYB_067,Cyberabad - Hitec City Zone,41.88,58.12,0.464,53.59,7.81,3.5
2011,J_CYB_067,Cyberabad - Hitec City Zone,42.87,57.13,0.472,52.84,7.71,3.5
2012,J_CYB_067,Cyberabad - Hitec City Zone,44.27,55.73,0.482,51.8,7.57,3.5
2013,J_CYB_067,Cyberabad - Hitec City Zone,46.19,53.81,0.496,50.36,7.38,3.5
2014,J_CYB_067,Cyberabad - Hitec City Zone,48.75,51.25,0.516,48.44,7.13,3.5
2015,J_CYB_067,Cyberabad - Hitec City Zone,51.99,48.01,0.54,46.01,6.8,3.5
2016,J_CYB_067,Cyberabad - Hitec City Zone,55.89,44.11,0.569,43.08,6.41,3.5
2017,J_CYB_067,Cyberabad - Hitec City Zone,60.26,39.74,0.602,39.8,5.97,3.5
2018,J_CYB_067,Cyberabad - Hitec City Zone,64.81,35.19,0.636,36.39,5.52,3.5
2019,J_CYB_067,Cyberabad - Hitec City Zone,69.18,30.82,0.669,33.11,5.08,3.5
2020,J_CYB_067,Cyberabad - Hitec City Zone,73.08,26.92,0.698,30.19,4.69,3.5
2021,J_CYB_067,Cyberabad - Hitec City Zone,76.32,23.68,0.722,27.76,4.37,3.5
2022,J_CYB_067,Cyberabad - Hitec City Zone,78.88,21.12,0.742,25.84,4.11,3.5
2023,J_CYB_067,Cyberabad - Hitec City Zone,80.8,19.2,0.756,24.4,3.92,3.5
2024,J_CYB_067,Cyberabad - Hitec City Zone,82.2,17.8,0.766,23.35,3.78,3.5
2025,J_CYB_067,Cyberabad - Hitec City Zone,83.19,16.81,0.774,22.61,3.68,3.5
2010,J_CYB_068,Cyberabad - Hitec City Zone,46.58,53.42,0.499,50.06,7.34,3.5
2011,J_CYB_068,Cyberabad - Hitec City Zone,47.47,52.53,0.506,49.4,7.25,3.5
2012,J_CYB_068,Cyberabad - Hitec City Zone,48.71,51.29,0.515,48.47,7.13,3.5
2013,J_CYB_068,Cyberabad - Hitec City Zone,50.42,49.58,0.528,47.18,6.96,3.5
2014,J_CYB_068,Cyberabad - Hitec City Zone,52.7,47.3,0.545,45.48,6.73,3.5
2015,J_CYB_068,Cyberabad - Hitec City Zone,55.59,44.41,0.567,43.31,6.44,3.5
2016,J_CYB_068,Cyberabad - Hitec City Zone,59.06,40.94,0.593,40.71,6.09,3.5
2017,J_CYB_068,Cyberabad - Hitec City Zone,62.95,37.05,0.622,37.79,5.7,3.5
2018,J_CYB_068,Cyberabad - Hitec City Zone,67.0,33.0,0.653,34.75,5.3,3.5
2019,J_CYB_068,Cyberabad - Hitec City Zone,70.89,29.11,0.682,31.83,4.91,3.5
2020,J_CYB_068,Cyberabad - Hitec City Zone,74.36,25.64,0.708,29.23,4.56,3.5
2021,J_CYB_068,Cyberabad - Hitec City Zone,77.25,22.75,0.729,27.06,4.27,3.5
2022,J_CYB_068,Cyberabad - Hitec City Zone,79.53,20.47,0.746,25.35,4.05,3.5
2023,J_CYB_068,Cyberabad - Hitec City Zone,81.24,18.76,0.759,24.07,3.88,3.5
2024,J_CYB_068,Cyberabad - Hitec City Zone,82.48,17.52,0.769,23.14,3.75,3.5
2025,J_CYB_068,Cyberabad - Hitec City Zone,83.37,16.63,0.775,22.48,3.66,3.5
2010,J_CYB_069,Cyberabad - Hitec City Zone,44.23,55.77,0.482,51.83,7.58,3.5
2011,J_CYB_069,Cyberabad - Hitec City Zone,45.2,54.8,0.489,51.1,7.48,3.5
2012,J_CYB_069,Cyberabad - Hitec City Zone,46.57,53.43,0.499,50.07,7.34,3.5
2013,J_CYB_069,Cyberabad - Hitec City Zone,48.45,51.55,0.513,48.66,7.15,3.5
2014,J_CYB_069,Cyberabad - Hitec City Zone,50.95,49.05,0.532,46.78,6.9,3.5
2015,J_CYB_069,Cyberabad - Hitec City Zone,54.13,45.87,0.556,44.4,6.59,3.5
2016,J_CYB_069,Cyberabad - Hitec City Zone,57.95,42.05,0.585,41.54,6.2,3.5
2017,J_CYB_069,Cyberabad - Hitec City Zone,62.23,37.77,0.617,38.32,5.78,3.5
2018,J_CYB_069,Cyberabad - Hitec City Zone,66.69,33.31,0.65,34.98,5.33,3.5
2019,J_CYB_069,Cyberabad - Hitec City Zone,70.97,29.03,0.682,31.77,4.9,3.5
2020,J_CYB_069,Cyberabad - Hitec City Zone,74.79,25.21,0.711,28.91,4.52,3.5
2021,J_CYB_069,Cyberabad - Hitec City Zone,77.97,22.03,0.735,26.52,4.2,3.5
2022,J_CYB_069,Cyberabad - Hitec City Zone,80.47,19.53,0.754,24.65,3.95,3.5
2023,J_CYB_069,Cyberabad - Hitec City Zone,82.35,17.65,0.768,23.24,3.76,3.5
2024,J_CYB_069,Cyberabad - Hitec City Zone,83.72,16.28,0.778,22.21,3.63,3.5
2025,J_CYB_069,Cyberabad - Hitec City Zone,84.69,15.31,0.785,21.48,3.53,3.5
2010,J_CYB_070,Cyberabad - Hitec City Zone,43.4,56.6,0.475,52.45,7.66,3.5
2011,J_CYB_070,Cyberabad - Hitec City Zone,44.41,55.59,0.483,51.69,7.56,3.5
2012,J_CYB_070,Cyberabad - Hitec City Zone,45.84,54.16,0.494,50.62,7.42,3.5
2013,J_CYB_070,Cyberabad - Hitec City Zone,47.81,52.19,0.509,49.14,7.22,3.5
2014,J_CYB_070,Cyberabad - Hitec City Zone,50.42,49.58,0.528,47.18,6.96,3.5
2015,J_CYB_070,Cyberabad - Hitec City Zone,53.74,46.26,0.553,44.69,6.63,3.5
2016,J_CYB_070,Cyberabad - Hitec City Zone,57.73,42.27,0.583,41.7,6.23,3.5
2017,J_CYB_070,Cyberabad - Hitec City Zone,62.21,37.79,0.617,38.34,5.78,3.5
2018,J_CYB_070,Cyberabad - Hitec City Zone,66.86,33.14,0.651,34.85,5.31,3.5
2019,J_CYB_070,Cyberabad - Hitec City Zone,71.34,28.66,0.685,31.5,4.87,3.5
2020,J_CYB_070,Cyberabad - Hitec City Zone,75.33,24.67,0.715,28.51,4.47,3.5
2021,J_CYB_070,Cyberabad - Hitec City Zone,78.65,21.35,0.74,26.01,4.14,3.5
2022,J_CYB_070,Cyberabad - Hitec City Zone,81.26,18.74,0.759,24.05,3.87,3.5
2023,J_CYB_070,Cyberabad - Hitec City Zone,83.23,16.77,0.774,22.58,3.68,3.5
2024,J_CYB_070,Cyberabad - Hitec City Zone,84.66,15.34,0.785,21.51,3.53,3.5
2025,J_CYB_070,Cyberabad - Hitec City Zone,85.67,14.33,0.793,20.75,3.43,3.5
2010,J_CYB_071,Cyberabad - Hitec City Zone,46.68,53.32,0.5,49.99,7.33,3.5
2011,J_CYB_071,Cyberabad - Hitec City Zone,47.56,52.44,0.507,49.33,7.24,3.5
2012,J_CYB_071,Cyberabad - Hitec City Zone,48.79,51.21,0.516,48.41,7.12,3.5
2013,J_CYB_071,Cyberabad - Hitec City Zone,50.48,49.52,0.529,47.14,6.95,3.5
2014,J_CYB_071,Cyberabad - Hitec City Zone,52.73,47.27,0.545,45.45,6.73,3.5
2015,J_CYB_071,Cyberabad - Hitec City Zone,55.59,44.41,0.567,43.3,6.44,3.5
2016,J_CYB_071,Cyberabad - Hitec City Zone,59.03,40.97,0.593,40.73,6.1,3.5
2017,J_CYB_071,Cyberabad - Hitec City Zone,62.89,37.11,0.622,37.84,5.71,3.5
2018,J_CYB_071,Cyberabad - Hitec City Zone,66.9,33.1,0.652,34.83,5.31,3.5
2019,J_CYB_071,Cyberabad - Hitec City Zone,70.75,29.25,0.681,31.94,4.92,3.5
2020,J_CYB_071,Cyberabad - Hitec City Zone,74.19,25.81,0.706,29.36,4.58,3.5
2021,J_CYB_071,Cyberabad - Hitec City Zone,77.05,22.95,0.728,27.21,4.3,3.5
2022,J_CYB_071,Cyberabad - Hitec City Zone,79.3,20.7,0.745,25.52,4.07,3.5
2023,J_CYB_071,Cyberabad - Hitec City Zone,80.99,19.01,0.757,24.25,3.9,3.5
2024,J_CYB_071,Cyberabad - Hitec City Zone,82.23,17.77,0.767,23.33,3.78,3.5
2025,J_CYB_071,Cyberabad - Hitec City Zone,83.1,16.9,0.773,22.68,3.69,3.5
2010,J_CYB_072,Cyberabad - Hitec City Zone,44.03,55.97,0.48,51.98,7.6,3.5
2011,J_CYB_072,Cyberabad - Hitec City Zone,44.97,55.03,0.487,51.27,7.5,3.5
2012,J_CYB_072,Cyberabad - Hitec City Zone,46.29,53.71,0.497,50.28,7.37,3.5
2013,J_CYB_072,Cyberabad - Hitec City Zone,48.11,51.89,0.511,48.91,7.19,3.5
2014,J_CYB_072,Cyberabad - Hitec City Zone,50.53,49.47,0.529,47.1,6.95,3.5
2015,J_CYB_072,Cyberabad - Hitec City Zone,53.61,46.39,0.552,44.79,6.64,3.5
2016,J_CYB_072,Cyberabad - Hitec City Zone,57.3,42.7,0.58,42.03,6.27,3.5
2017,J_CYB_072,Cyberabad - Hitec City Zone,61.44,38.56,0.611,38.92,5.86,3.5
2018,J_CYB_072,Cyberabad - Hitec City Zone,65.75,34.25,0.643,35.69,5.43,3.5
2019,J_CYB_072,Cyberabad - Hitec City Zone,69.89,30.11,0.674,32.58,5.01,3.5
2020,J_CYB_072,Cyberabad - Hitec City Zone,73.58,26.42,0.702,29.82,4.64,3.5
2021,J_CYB_072,Cyberabad - Hitec City Zone,76.65,23.35,0.725,27.51,4.33,3.5
2022,J_CYB_072,Cyberabad - Hitec City Zone,79.07,20.93,0.743,25.7,4.09,3.5
2023,J_CYB_072,Cyberabad - Hitec City Zone,80.89,19.11,0.757,24.33,3.91,3.5
2024,J_CYB_072,Cyberabad - Hitec City Zone,82.22,17.78,0.767,23.34,3.78,3.5
2025,J_CYB_072,Cyberabad - Hitec City Zone,83.15,16.85,0.774,22.63,3.68,3.5
2010,J_CYB_073,Cyberabad - Hitec City Zone,42.77,57.23,0.471,52.92,7.72,3.5
2011,J_CYB_073,Cyberabad - Hitec City Zone,43.71,56.29,0.478,52.22,7.63,3.5
2012,J_CYB_073,Cyberabad - Hitec City Zone,45.04,54.96,0.488,51.22,7.5,3.5
2013,J_CYB_073,Cyberabad - Hitec City Zone,46.87,53.13,0.502,49.85,7.31,3.5
2014,J_CYB_073,Cyberabad - Hitec City Zone,49.3,50.7,0.52,48.02,7.07,3.5
2015,J_CYB_073,Cyberabad - Hitec City Zone,52.39,47.61,0.543,45.71,6.76,3.5
2016,J_CYB_073,Cyberabad - Hitec City Zone,56.1,43.9,0.571,42.92,6.39,3.5
2017,J_CYB_073,Cyberabad - Hitec City Zone,60.26,39.74,0.602,39.8,5.97,3.5
2018,J_CYB_073,Cyberabad - Hitec City Zone,64.59,35.41,0.634,36.56,5.54,3.5
2019,J_CYB_073,Cyberabad - Hitec City Zone,68.76,31.24,0.666,33.43,5.12,3.5
2020,J_CYB_073,Cyberabad - Hitec City Zone,72.47,27.53,0.693,30.65,4.75,3.5
2021,J_CYB_073,Cyberabad - Hitec City Zone,75.55,24.45,0.717,28.33,4.44,3.5
2022,J_CYB_073,Cyberabad - Hitec City Zone,77.99,22.01,0.735,26.51,4.2,3.5
2023,J_CYB_073,Cyberabad - Hitec City Zone,79.81,20.19,0.749,25.14,4.02,3.5
2024,J_CYB_073,Cyberabad - Hitec City Zone,81.14,18.86,0.759,24.14,3.89,3.5
2025,J_CYB_073,Cyberabad - Hitec City Zone,82.09,17.91,0.766,23.43,3.79,3.5
2010,J_CYB_074,Cyberabad - Hitec City Zone,44.71,55.29,0.485,51.46,7.53,3.5
2011,J_CYB_074,Cyberabad - Hitec City Zone,45.65,54.35,0.492,50.76,7.43,3.5
2012,J_CYB_074,Cyberabad - Hitec City Zone,46.98,53.02,0.502,49.76,7.3,3.5
2013,J_CYB_074,Cyberabad - Hitec City Zone,48.81,51.19,0.516,48.39,7.12,3.5
2014,J_CYB_074,Cyberabad - Hitec City Zone,51.23,48.77,0.534,46.57,6.88,3.5
2015,J_CYB_074,Cyberabad - Hitec City Zone,54.32,45.68,0.557,44.26,6.57,3.5
2016,J_CYB_074,Cyberabad - Hitec City Zone,58.02,41.98,0.585,41.49,6.2,3.5
2017,J_CYB_074,Cyberabad - Hitec City Zone,62.17,37.83,0.616,38.37,5.78,3.5
2018,J_CYB_074,Cyberabad - Hitec City Zone,66.49,33.51,0.649,35.13,5.35,3.5
2019,J_CYB_074,Cyberabad - Hitec City Zone,70.65,29.35,0.68,32.01,4.94,3.5
2020,J_CYB_074,Cyberabad - Hitec City Zone,74.35,25.65,0.708,29.24,4.56,3.5
2021,J_CYB_074,Cyberabad - Hitec City Zone,77.43,22.57,0.731,26.92,4.26,3.5
2022,J_CYB_074,Cyberabad - Hitec City Zone,79.86,20.14,0.749,25.1,4.01,3.5
2023,J_CYB_074,Cyberabad - Hitec City Zone,81.69,18.31,0.763,23.74,3.83,3.5
2024,J_CYB_074,Cyberabad - Hitec City Zone,83.01,16.99,0.773,22.74,3.7,3.5
2025,J_CYB_074,Cyberabad - Hitec City Zone,83.95,16.05,0.78,22.03,3.6,3.5
2010,J_CYB_075,Cyberabad - Hitec City Zone,41.48,58.52,0.461,53.89,7.85,3.5
2011,J_CYB_075,Cyberabad - Hitec City Zone,42.48,57.52,0.469,53.14,7.75,3.5
2012,J_CYB_075,Cyberabad - Hitec City Zone,43.88,56.12,0.479,52.09,7.61,3.5
2013,J_CYB_075,Cyberabad - Hitec City Zone,45.81,54.19,0.494,50.65,7.42,3.5
2014,J_CYB_075,Cyberabad - Hitec City Zone,48.37,51.63,0.513,48.72,7.16,3.5
2015,J_CYB_075,Cyberabad - Hitec City Zone,51.63,48.37,0.537,46.28,6.84,3.5
2016,J_CYB_075,Cyberabad - Hitec City Zone,55.54,44.46,0.567,43.35,6.45,3.5
2017,J_CYB_075,Cyberabad - Hitec City Zone,59.93,40.07,0.599,40.05,6.01,3.5
2018,J_CYB_075,Cyberabad - Hitec City Zone,64.49,35.51,0.634,36.63,5.55,3.5
2019,J_CYB_075,Cyberabad - Hitec City Zone,68.88,31.12,0.667,33.34,5.11,3.5
2020,J_CYB_075,Cyberabad - Hitec City Zone,72.8,27.2,0.696,30.4,4.72,3.5
2021,J_CYB_075,Cyberabad - Hitec City Zone,76.05,23.95,0.72,27.96,4.39,3.5
2022,J_CYB_075,Cyberabad - Hitec City Zone,78.62,21.38,0.74,26.04,4.14,3.5
2023,J_CYB_075,Cyberabad - Hitec City Zone,80.55,19.45,0.754,24.59,3.95,3.5
2024,J_CYB_075,Cyberabad - Hitec City Zone,81.95,18.05,0.765,23.54,3.81,3.5
2025,J_CYB_075,Cyberabad - Hitec City Zone,82.94,17.06,0.772,22.79,3.71,3.5
